Participant,trigger_no,fzd_hands0_fingerTip_coordinates_x,fzd_hands0_fingerTip_coordinates_y,fzd_hands0_fingerTip_coordinates_z,eyegaze_new_coordinates_x,eyegaze_new_coordinates_y,angle_center,Buidling_half_width,eyegaze_new_coordinates_x_without_tablet_&_road_gazes,eyegaze_new_coordinates_y_without_tablet_&_road_gazes,angle_center_scaled,Buidling_half_width_scaled,horizontal_angle_finger_pointing_unscaled,eyegaze_horiz_angle_x,horizontal_angle_finger_pointing,eyegaze_horiz_angle_x_scaled_without_tablet,side,difference,D_p,D_g
59,73.0,-0.42616233,-0.07958656,-0.28310472,211.54,67.79000000000002,10.21760726179305,3.5174774474225865,,,8.848447888712782,3.04613546946796,7.0,15.932967865057403,11.27,,0.5,-8.932967865057403,3.2176072617930505,-5.715360603264353
59,73.0,-0.43347213,-0.07205351,-0.23526603,194.65,60.45999999999998,10.29572864430438,3.5423418993672207,,,8.916101005967594,3.0676680848520133,11.0,14.660831024550548,17.71,,0.5,-3.660831024550548,-0.7042713556956208,-4.365102380246169
59,73.0,-0.42727712,-0.0679604,-0.20475021,175.98000000000002,39.829999999999984,10.278734316805568,3.5548990389380406,,,8.901383918353622,3.078542567720343,15.0,13.254626476755234,24.15,,0.5,1.7453735232447656,-4.7212656831944315,-2.975892159949666
59,73.0,-0.42128754,-0.09569366,-0.18835804,245.23,-0.9300000000000068,10.90977999774278,3.768166957443012,,,9.447869478045249,3.263232585145649,11.0,18.470462841770008,17.71,,0.5,-7.470462841770008,-0.0902200022572206,-7.5606828440272285
59,73.0,-0.42744046,-0.09773414,-0.19028132,200.27,20.920000000000016,10.99945856412613,3.79655322947639,,,9.525531116533228,3.2878150967265536,11.0,15.084123448686045,17.71,,0.5,-4.084123448686045,-0.000541435873870455,-4.084664884559915
59,73.0,-0.42124835,-0.10340887,-0.20819452,215.67,48.13999999999999,11.09060617221479,3.8253490716049177,,,9.604464945138009,3.312752296009859,7.0,16.244035073541312,11.27,,0.5,-9.244035073541312,4.090606172214789,-5.153428901326523
59,79.0,-0.29317987,-0.17121398,-0.21375349,-183.55,1.75,-20.57898706090474,6.164639593545895,,,-17.821402794743506,5.338577888010745,-7.0,-13.82479082741461,-11.27,,-0.5,6.82479082741461,-13.57898706090474,-6.754196233490131
59,79.0,-0.28547028,-0.17231615,-0.20758571,-186.25,6.509999999999991,-20.82393811607132,6.233835535705394,,,-18.033530408517763,5.39850157392087,-8.0,-14.028151956447676,-12.88,,-0.5,6.028151956447676,-12.823938116071322,-6.7957861596236455
59,79.0,-0.27157709,-0.17348404,-0.19859038,-183.37,3.019999999999982,-21.051935891296424,6.304306236977223,,,-18.2309764818627,5.459529201222274,-10.0,-13.811233418812405,-16.1,,-0.5,3.811233418812405,-11.051935891296424,-7.240702472484019
59,80.0,-0.33145997,-0.15011451,-0.26929024,153.46000000000004,32.5,-29.80732989211268,13.301340585303604,,,-25.81314768656958,11.518960946872925,1.0,11.558444022746098,1.61,,-0.5,-10.558444022746098,-30.80732989211268,-41.36577391485878
59,80.0,-0.28813136,-0.16005856,-0.22292,154.26,26.910000000000025,-30.34976260569699,13.498548670858607,,,-26.282894416533598,11.689743148963554,-3.0,11.618699172089226,-4.83,,-0.5,-14.618699172089226,-27.34976260569699,-41.96846177778622
59,80.0,-0.26358587,-0.16411446,-0.19754292,157.90999999999997,20.33999999999997,-30.910301074097514,13.699917262057056,,,-26.768320730168448,11.864128348941408,-7.0,11.89361329096726,-11.27,,-0.5,-18.89361329096726,-23.910301074097514,-42.80391436506477
59,81.0,-0.3970778,-0.09695213,-0.2097473,255.62,-41.77999999999997,-58.76962872610955,13.770829937058837,255.62,-41.77999999999997,-50.89449847681088,11.925538725492949,9.0,19.25302659386392,14.49,13.47711861570474,-0.5,-10.253026593863918,-67.76962872610954,-78.02265531997347
59,81.0,-0.3912662,-0.10070705,-0.19785713,257.58000000000004,-42.610000000000014,-60.41262194326416,13.987468418108136,257.58000000000004,-42.610000000000014,-52.31733060286677,12.113147650081649,9.0,19.40065170975459,14.49,13.580456196828212,-0.5,-10.400651709754591,-69.41262194326416,-79.81327365301875
59,81.0,-0.38715601,-0.10167056,-0.19425465,262.76,-48.04000000000002,-62.09431511216248,14.176218918148596,262.76,-48.04000000000002,-53.77367688713271,12.276605583116684,11.0,19.79080380175136,17.71,13.85356266122595,-0.5,-8.790803801751359,-73.09431511216248,-81.88511891391383
59,82.0,-0.39861545,-0.05771911,-0.2740072,262.85,-51.610000000000014,16.774075366679575,5.33414406218496,262.85,-51.610000000000014,14.526349267544513,4.619368757852175,15.0,19.79758250605247,24.15,13.85830775423673,0.5,-4.797582506052471,1.7740753666795754,-3.023507139372896
59,82.0,-0.40193057,-0.05697693,-0.25727013,293.02,-60.75999999999999,16.877926254120737,5.387482454129357,293.02,-60.75999999999999,14.616284136068558,4.665559805276022,15.0,22.06995482565529,24.15,15.448968377958703,0.5,-7.069954825655291,1.8779262541207373,-5.1920285715345535
59,82.0,-0.41040614,-0.05294524,-0.21816292,293.42999999999995,-64.49000000000001,17.140165799569004,5.4416880143862025,293.42999999999995,-64.49000000000001,14.843383582426757,4.712501820458451,15.0,22.100835589693645,24.15,15.47058491278555,0.5,-7.100835589693645,2.1401657995690044,-4.960669790124641
59,83.0,-0.38585746,-0.03440567,-0.19871481,358.74,-59.75999999999999,27.550346396699663,7.731544270868415,358.74,-59.75999999999999,23.85859997954191,6.695517338572048,15.0,27.019915344193503,24.15,18.91394074093545,0.5,-12.019915344193503,12.550346396699663,0.5304310525061595
59,83.0,-0.38477626,-0.03827982,-0.18502304,363.64,-61.14999999999998,28.1365722235075,7.816866802890058,363.64,-61.14999999999998,24.366271545557492,6.7694066513027895,15.0,27.388978133920176,24.15,19.17228469374412,0.5,-12.388978133920176,13.1365722235075,0.7475940895873237
59,83.0,-0.38820124,-0.0381931,-0.18340039,366.81,-65.19,28.68478963419712,7.904945967896259,366.81,-65.19,24.841027823214706,6.84568320819816,15.0,27.62773916319233,24.15,19.33941741423463,0.5,-12.62773916319233,13.68478963419712,1.0570504710047892
59,85.0,-0.41565162,-0.08541403,-0.25844193,230.09000000000003,-49.41,-3.167224085951688,1.9637796487179795,250.28,-53.63999999999999,-2.742816058434162,1.7006331757897704,9.0,17.330134140451257,14.49,13.195576430398962,-0.5,-8.330134140451257,-12.167224085951688,-20.497358226402945
59,85.0,-0.43458968,-0.09311744,-0.2226724,238.42999999999995,-59.30000000000001,-2.40368185321087,1.9728208944253816,250.28,-53.63999999999999,-2.081588484880613,1.7084628945723803,9.0,17.958294072353393,14.49,13.195576430398962,-0.5,-8.958294072353393,-11.40368185321087,-20.361975925564263
59,85.0,-0.43596566,-0.09838946,-0.20328258,28.370000000000005,-8.629999999999995,-1.902450000433397,1.981920056884616,250.28,-53.63999999999999,-1.6475217003753218,1.716342769262077,9.0,2.1367982335807816,14.49,13.195576430398962,-0.5,6.863201766419218,-10.902450000433397,-4.039248234014178
59,85.0,-0.41835225,-0.08181297,-0.20256758,242.47000000000003,-52.03999999999999,12.957122646695392,4.638768513486374,250.28,-53.63999999999999,11.22086821203821,4.0171735326792,11.0,18.262582576536207,17.71,13.195576430398962,0.5,-7.262582576536207,1.9571226466953924,-5.305459929840815
59,85.0,-0.41745186,-0.08809318,-0.19102736,250.28,-53.63999999999999,13.058793112291252,4.67667924430427,250.28,-53.63999999999999,11.308914835244224,4.0500042255674975,11.0,18.85082347199852,17.71,13.195576430398962,0.5,-7.85082347199852,2.0587931122912515,-5.792030359707269
59,85.0,-0.41827011,-0.09084865,-0.18701878,183.4,-28.079999999999984,13.264611551591871,4.72376350620569,250.28,-53.63999999999999,11.48715360367856,4.090779196374127,11.0,13.81349298691277,17.71,13.195576430398962,0.5,-2.8134929869127703,2.264611551591871,-0.5488814353208991
59,86.0,-0.4093335,-0.06649408,-0.1964626,235.11,-73.78999999999999,18.248030614347478,6.193429483582939,250.37,-69.46000000000001,15.802794512024912,5.363509932782825,13.0,17.708235202579402,20.93,13.200321523409734,0.5,-4.708235202579402,5.248030614347478,0.5397954117680754
59,86.0,-0.40740573,-0.06922471,-0.18725719,250.37,-69.46000000000001,18.518487285776544,6.277975594207153,250.37,-69.46000000000001,16.03700998948249,5.436726864583394,13.0,18.857602176299626,20.93,13.200321523409734,0.5,-5.8576021762996255,5.518487285776544,-0.3391148905230814
59,86.0,-0.40744156,-0.06987645,-0.18465915,241.9,-89.03,18.81112960700933,6.3425734903018,250.37,-69.46000000000001,16.29043823967008,5.492668642601359,13.0,18.21965078262922,20.93,13.200321523409734,0.5,-5.21965078262922,5.811129607009331,0.5914788243801112
59,87.0,-0.38776284,-0.05583766,-0.2064546,387.66,-71.44,29.7887719225376,9.080942102840991,387.66,-71.44,25.79707648491756,7.864095861060298,20.0,29.19813899294768,32.2,20.43869729506337,0.5,-9.19813899294768,9.788771922537599,0.5906329295899191
59,87.0,-0.37742022,-0.05849009,-0.18089794,395.31,-67.75999999999999,30.436550239182203,9.285576210263253,395.31,-67.75999999999999,26.358052507131788,8.041308998087976,18.0,29.77432885854137,28.98,20.84203020097896,0.5,-11.77432885854137,12.436550239182203,0.6622213806408332
59,87.0,-0.3734374,-0.05621044,-0.17244232,403.37,-77.46000000000001,31.19839788783842,9.544556108279403,403.37,-77.46000000000001,27.017812570868077,8.265585589769962,18.0,30.38139948817342,28.98,21.266979641721395,0.5,-12.381399488173422,13.198397887838421,0.8169983996649997
59,92.0,-0.17843758,-0.19452952,-0.21587254,-129.94,-57.400000000000006,-8.553906735671893,2.9180053947280657,,,-7.407683233091859,2.5269926718345044,-7.0,-9.786942632058048,-11.27,,-0.5,2.7869426320580484,-1.5539067356718927,1.2330358963861556
59,92.0,-0.16712978,-0.19099823,-0.20783931,-109.68,-69.66999999999999,-8.619217002659967,2.943967007825405,,,-7.464241924303532,2.5494754287768004,-7.0,-8.260980974943255,-11.27,,-0.5,1.260980974943255,-1.6192170026599673,-0.35823602771671226
59,92.0,-0.16569459,-0.18854967,-0.20827821,-111.0,-65.25999999999999,-8.729618088510772,2.958001452894896,,,-7.559849264650329,2.56162925820698,-7.0,-8.36040197135942,-11.27,,-0.5,1.3604019713594209,-1.7296180885107724,-0.3692161171513515
59,93.0,-0.20965336,-0.18043122,-0.22319767,-186.22000000000003,-53.88999999999999,-10.473234659188073,3.5694460227229428,,,-9.069821214856873,3.0911402556780683,-7.0,-14.02589238834731,-11.27,,-0.5,7.025892388347311,-3.4732346591880727,3.552657729159238
59,93.0,-0.20423387,-0.18221517,-0.209103,-182.69,-58.99000000000001,-10.549686145343166,3.595000417469308,,,-9.136028201867182,3.1132703615284205,-7.0,-13.760016541870742,-11.27,,-0.5,6.760016541870742,-3.5496861453431663,3.210330396527576
59,93.0,-0.20103092,-0.18417019,-0.20582786,-176.11,-63.02000000000001,-10.627424657705117,3.620897629661892,,,-9.20334975357263,3.135697347287198,-8.0,-13.264417938523492,-12.88,,-0.5,5.264417938523492,-2.6274246577051166,2.636993280818375
59,94.0,-0.3635768,-0.07022957,-0.1925182,360.3200000000001,-176.78,-13.856914901652331,4.543006712683707,360.3200000000001,-176.78,-12.00008830483092,3.93424381318409,15.0,27.138919264146185,24.15,18.997243484902327,-0.5,-12.138919264146185,-28.85691490165233,-40.99583416579851
59,94.0,-0.35579219,-0.07040523,-0.17230447,370.89,-149.09,-14.00712947533806,4.5793214272487655,370.89,-149.09,-12.13017412564276,3.9656923559974304,15.0,27.9350404248423,24.15,19.55452829738961,-0.5,-12.935040424842299,-29.00712947533806,-41.94216990018036
59,94.0,-0.35750118,-0.07002298,-0.17191724,394.55,-155.52,-14.085678737994735,4.603833622409625,394.55,-155.52,-12.198197787103442,3.986919917006735,15.0,29.717086466665396,24.15,20.801960526665773,-0.5,-14.717086466665396,-29.085678737994733,-43.80276520466013
59,95.0,-0.21715137,-0.14365233,-0.21194446,-135.54000000000002,-91.65,61.4149444198228,18.586237903714647,,,53.18534186756655,16.09568202461688,-3.0,-10.208728677459964,-4.83,,0.5,7.208728677459964,64.4149444198228,71.62367309728276
59,95.0,-0.20392144,-0.15233219,-0.20308548,-148.86,-94.68,63.583857293135225,19.100924221870827,,,55.06362041585511,16.541400376140135,-7.0,-11.211976914023095,-11.27,,0.5,4.211976914023095,70.58385729313522,74.79583420715832
59,95.0,-0.19864032,-0.1579683,-0.20112084,-150.08999999999995,-102.27,65.719577382973,19.588627245575022,,,56.91315401365462,16.96375119466797,-11.0,-11.304619206138156,-17.71,,0.5,0.3046192061381561,76.719577382973,77.02419658911116
59,97.0,-0.32715467,-0.4158034,-0.68900204,37.13999999999999,-49.44,15.271257963828573,5.052432999696886,,,13.224909396675544,4.375406977737502,-31.0,2.7973453082548536,-49.91,,0.5,-33.797345308254855,46.271257963828575,12.47391265557372
59,97.0,-0.32784534,-0.42122817,-0.67812937,38.860000000000014,-45.69,15.308131864044526,5.095919811289886,,,13.25684219426256,4.413066556577041,-31.0,2.9268938793425874,-49.91,,0.5,-33.926893879342586,46.308131864044526,12.381237984701938
59,97.0,-0.3251237,-0.41859135,-0.67595911,38.29999999999996,-45.920000000000016,15.595471681565428,5.149919740598246,,,13.50567847623566,4.459830495358081,-31.0,2.884715274802391,-49.91,,0.5,-33.88471527480239,46.59547168156543,12.710756406763037
59,97.0,-0.33103904,-0.42772406,-0.69738644,66.28999999999996,-69.14999999999998,17.7102702717497,5.851510444114191,,,15.33709405533524,5.06740804460289,-31.0,4.9928923124451865,-49.91,,0.5,-35.992892312445186,48.7102702717497,12.717377959304514
59,97.0,-0.32179901,-0.41384014,-0.68815994,67.28999999999996,-79.75999999999999,17.99177513518862,5.938784594785449,,,15.580877267073346,5.142987459084199,-29.0,5.0682112491241,-46.690000000000005,,0.5,-34.0682112491241,46.99177513518862,12.923563886064521
59,97.0,-0.32245547,-0.41082302,-0.69293755,98.24,-72.99000000000001,18.139538614914176,6.011948958799436,,,15.708840440515676,5.20634779832031,-31.0,7.399332339336483,-49.91,,0.5,-38.39933233933648,49.13953861491417,10.740206275577695
59,97.0,-0.32294801,-0.41746229,-0.68825322,177.78999999999996,-42.20999999999998,23.54128837142917,7.9386940131958195,,,20.38675572965766,6.87490901542758,-31.0,13.390953752144064,-49.91,,0.5,-44.390953752144064,54.541288371429175,10.150334619285108
59,97.0,-0.31012762,-0.39993513,-0.67011994,178.80999999999997,-44.360000000000014,24.01811550373406,8.096774886722523,,,20.799688026233696,7.011807051901705,-31.0,13.467779067556554,-49.91,,0.5,-44.467779067556556,55.01811550373406,10.550336436177504
59,97.0,-0.31153297,-0.39824566,-0.67077047,181.15,-45.64999999999998,24.442423107983046,8.260008963256901,,,21.16713841151332,7.153167762180477,-31.0,13.644025379385216,-49.91,,0.5,-44.64402537938521,55.442423107983046,10.79839772859783
59,97.0,-0.27488491,-0.12998416,-0.21872626,128.71000000000004,-131.32,68.98852947613804,19.691613885939837,,,59.74406652633554,17.052937625223898,11.0,9.694300339942984,17.71,,0.5,1.3056996600570159,57.98852947613804,59.29422913619506
59,97.0,-0.26960531,-0.13599384,-0.19373694,157.24,-98.37,71.746224732963,19.861232562838307,,,62.13223061874596,17.199827399417973,13.0,11.84314960339239,20.93,,0.5,1.1568503966076094,58.746224732963,59.90307512957061
59,97.0,-0.26924717,-0.13623272,-0.18770139,209.29,-86.31,74.12077901843197,19.937546689680328,,,64.18859462996208,17.265915433263164,15.0,15.763500257529849,24.15,,0.5,-0.7635002575298486,59.120779018431975,58.357278760902126
59,98.0,-0.20862263,-0.17043926,-0.15655763,131.69000000000003,-34.370000000000005,31.755845400489243,13.628548299687822,,,27.500562116823684,11.802322827529654,13.0,9.918750771246147,20.93,,0.5,3.081249228753853,18.755845400489243,21.837094629243097
59,98.0,-0.21829325,-0.19586192,-0.15283926,185.45000000000005,-32.28999999999999,32.436589244554455,13.920549924798912,,,28.09008628578416,12.05519623487586,9.0,13.967896807104548,14.49,,0.5,-4.967896807104548,23.436589244554455,18.468692437449906
59,98.0,-0.26027808,-0.19729476,-0.16173133,165.03999999999996,-47.93000000000001,33.10426810395794,14.254834009688906,,,28.66829617802758,12.344686252390591,9.0,12.430637309487912,14.49,,0.5,-3.4306373094879117,24.104268103957942,20.67363079447003
59,100.0,-0.33627185,-0.09976376,-0.19971423,301.49,-74.75,7.36513337505175,2.2510323908315044,301.49,-74.75,6.378205502794815,1.9493940504600824,13.0,22.707906219325693,20.93,15.895534353527983,0.5,-9.707906219325693,-5.63486662494825,-15.342772844273943
59,100.0,-0.34782299,-0.10039401,-0.18620159,235.21000000000004,8.399999999999977,7.450924713279917,2.2624960227774875,301.49,-74.75,6.452500801700409,1.959321555725304,13.0,17.715767096247294,20.93,15.895534353527983,0.5,-4.715767096247294,-5.549075286720083,-10.264842382967377
59,100.0,-0.34884599,-0.09922306,-0.18434562,254.85,-15.169999999999987,7.514201291073728,2.274065006552277,254.85,-15.169999999999987,6.507298318069848,1.969340295674272,15.0,19.19503101262116,24.15,13.436521708834812,0.5,-4.195031012621161,-7.485798708926272,-11.680829721547433
59,101.0,-0.3077817,-0.14877835,-0.20022844,200.92,-109.74,-10.003302693134431,3.093646045543076,,,-8.662860132254417,2.679097475440304,9.0,15.133080757527337,14.49,,-0.5,-6.1330807575273365,-19.00330269313443,-25.136383450661768
59,101.0,-0.30852073,-0.15196221,-0.19347788,205.04999999999995,-114.47,-10.084465482760969,3.112952522897671,,,-8.733147108070998,2.695816884829383,9.0,15.44414796601125,14.49,,-0.5,-6.444147966011251,-19.08446548276097,-25.52861344877222
59,101.0,-0.30801213,-0.15348689,-0.19248714,212.09000000000003,-110.05,-10.064891743250438,3.134664130103696,,,-8.71619624965488,2.714619136669801,9.0,15.974393280230808,14.49,,-0.5,-6.974393280230808,-19.06489174325044,-26.03928502348125
59,102.0,-0.32663757,-0.13496956,-0.19662015,129.12,-29.72,15.665409968507392,4.354408032665985,,,13.566245032727402,3.7709173562887432,7.0,9.725181103981338,11.27,,0.5,-2.7251811039813383,8.665409968507392,5.940228864526054
59,102.0,-0.33792302,-0.1405088,-0.18549216,145.04999999999995,-9.550000000000011,15.856443470714105,4.4031671195201465,,,13.731680045638411,3.813142725504448,7.0,10.925011765276428,11.27,,0.5,-3.9250117652764285,8.856443470714105,4.931431705437676
59,102.0,-0.33932373,-0.14385256,-0.18474872,167.02999999999997,-41.84,16.0232100410144,4.458555412526092,,,13.876099895518472,3.861108987247595,7.0,12.580521993478952,11.27,,0.5,-5.580521993478952,9.023210041014401,3.4426880475354498
59,103.0,-0.18245359,-0.21351598,-0.20747733,-400.78,-31.100000000000023,35.66575155372218,15.419509618134606,-400.78,-31.100000000000023,30.88654084552341,13.35329532930457,-18.0,-30.186323442175027,-28.98,-21.13042640952252,0.5,12.186323442175027,53.66575155372218,65.85207499589721
59,103.0,-0.18223979,-0.21468329,-0.20077202,-403.08,-20.04000000000002,36.4526025219384,15.761365402123417,-403.08,-20.04000000000002,31.56795378399865,13.64934243823888,-16.0,-30.359556996536533,-25.76,-21.25168989757557,0.5,14.359556996536533,52.4526025219384,66.81215951847494
59,103.0,-0.18167593,-0.21219416,-0.20052816,-397.33,-31.19999999999999,37.35762115174326,16.151275436382114,-397.33,-31.19999999999999,32.35169991740966,13.98700452790691,-16.0,-29.926473110632777,-25.76,-20.94853117744294,0.5,13.926473110632777,53.35762115174326,67.28409426237604
59,104.0,-0.30728337,-0.10120255,-0.25220552,272.67999999999995,-99.31,-81.03796757987732,44.84166585866512,272.67999999999995,-99.31,-70.17887992417376,38.832882633604,7.0,20.537967653606184,11.27,14.376577357524328,-0.5,-13.537967653606184,-88.03796757987732,-101.5759352334835
59,104.0,-0.31832647,-0.10458422,-0.2092949,206.04999999999995,-95.03,-83.2673012948892,41.6336506474446,272.67999999999995,-99.31,-72.10948292137404,36.05474146068702,11.0,15.519466902690164,17.71,14.376577357524328,-0.5,-4.519466902690164,-94.2673012948892,-98.78676819757936
59,104.0,-0.3315489,-0.10582834,-0.19240093,243.02,-75.19999999999999,-85.42939154789468,42.71469577394734,272.67999999999995,-99.31,-73.9818530804768,36.9909265402384,11.0,18.304007991709604,17.71,14.376577357524328,-0.5,-7.304007991709604,-96.42939154789468,-103.73339953960428
59,105.0,-0.3242968,-0.06990135,-0.19709682,333.92,-71.07,30.94546447580715,8.990066025572505,333.92,-71.07,26.79877223604899,7.785397178145789,27.0,25.15049933582286,43.470000000000006,17.605349535076,0.5,1.849500664177139,3.9454644758071495,5.7949651399842885
59,105.0,-0.32580143,-0.07211329,-0.18469419,320.29,-81.88,31.5990991189605,9.221499551325342,320.29,-81.88,27.36481983701979,7.985818611447746,26.0,24.123902228889264,41.86,16.886731560222483,0.5,1.8760977711107358,5.599099118960499,7.475196890071235
59,105.0,-0.32329121,-0.07039113,-0.18304951,340.54999999999995,-76.11000000000001,32.10634008357183,9.436936149956155,340.54999999999995,-76.11000000000001,27.804090512373204,8.17238670586203,26.0,25.64986388600406,41.86,17.95490472020284,0.5,0.3501361139959407,6.10634008357183,6.4564761975677705
59,106.0,-0.34581548,-0.08866718,-0.19741976,296.27,-71.49000000000001,61.00784208153707,17.413462043121942,296.27,-71.49000000000001,52.8327912426111,15.080058129343602,15.0,22.31474136986176,24.15,15.620318958903232,0.5,-7.3147413698617605,46.00784208153707,38.693100711675314
59,106.0,-0.34616834,-0.09042826,-0.18769568,274.38,-72.73000000000002,62.76638031570954,17.680515225257135,274.38,-72.73000000000002,54.35568535340446,15.311326185072677,15.0,20.666009845960343,24.15,14.466206892172238,0.5,-5.6660098459603425,47.76638031570954,42.100370469749194
59,106.0,-0.34062347,-0.09306572,-0.18356138,315.62,-47.75,64.94356099010717,17.97946747657089,315.62,-47.75,56.24112381743281,15.570218834710388,15.0,23.772162794598746,24.15,16.64051395621912,0.5,-8.772162794598746,49.94356099010717,41.17139819550843
59,107.0,-0.38327721,-0.11053214,-0.2093147,217.94000000000003,-57.06,33.03604117571135,10.633910879783112,,,28.609211658166025,9.208966821892178,7.0,16.415009059802454,11.27,,0.5,-9.415009059802454,26.036041175711347,16.621032115908893
59,107.0,-0.38967469,-0.11034483,-0.19534189,194.69000000000003,-88.88999999999999,33.54927941955784,10.847230576268096,,,29.05367597733709,9.393701679048172,9.0,14.663843782017713,14.49,,0.5,-5.663843782017713,24.54927941955784,18.885435637540127
59,107.0,-0.38728908,-0.11370648,-0.19218168,192.70000000000005,-75.35,34.10467081886185,11.115898429769308,,,29.53464492913436,9.62636804018022,11.0,14.513959098026673,17.71,,0.5,-3.513959098026673,23.104670818861848,19.590711720835174
59,109.0,-0.29134956,-0.08514988,-0.19838807,356.03,-120.69,8.930409591799442,2.864693742229928,356.03,-120.69,7.733734706498317,2.480824780771118,18.0,26.81580102579364,28.98,18.771060718055548,0.5,-8.81580102579364,-9.069590408200558,-17.885391433994197
59,109.0,-0.29380861,-0.08065278,-0.18688373,312.86,-46.150000000000006,8.83498333097032,2.8811744573549944,312.86,-46.150000000000006,7.651095564620298,2.495097080069425,22.0,23.56428252936494,35.42,16.494997770555457,0.5,-1.5642825293649416,-13.16501666902968,-14.72929919839462
59,109.0,-0.2945317,-0.07917134,-0.18054679,328.33000000000004,-58.91999999999999,8.877560505754111,2.899704981397612,328.33000000000004,-58.91999999999999,7.68796739798306,2.5111445138903323,22.0,24.72946647978773,35.42,17.310626535851412,0.5,-2.7294664797877317,-13.122439494245889,-15.85190597403362
59,111.0,-0.27077243,-0.15294278,-0.19666907,170.16999999999996,-139.31,-21.20723935186946,6.817999715744694,,,-18.365469278718955,5.904387753834905,1.0,12.81702345465074,1.61,,-0.5,-11.81702345465074,-22.20723935186946,-34.0242628065202
59,111.0,-0.27685854,-0.15672648,-0.19008417,165.24,-155.6,-21.630544070047765,6.892421266082384,,,-18.732051164661364,5.968836816427344,1.0,12.4457010968237,1.61,,-0.5,-11.4457010968237,-22.630544070047765,-34.076245166871466
59,111.0,-0.28500581,-0.16112828,-0.18549354,175.5,-181.0,-21.916700278970502,6.976607165196383,,,-18.97986244158846,6.041741805060068,1.0,13.218473387149354,1.61,,-0.5,-12.218473387149354,-22.916700278970502,-35.135173666119854
59,113.0,-0.25880629,-0.14268383,-0.29115945,168.89,-115.04,49.133177002152095,16.942526371535312,,,42.54933128386372,14.67222783774958,0.0,12.720615215701732,0.0,,0.5,-12.720615215701732,49.133177002152095,36.41256178645036
59,113.0,-0.28342465,-0.13423932,-0.22472315,138.82000000000005,-44.96000000000001,50.543228910191765,17.37572509868664,,,43.77043623622607,15.04737793546263,4.0,10.455774789766805,6.44,,0.5,-6.455774789766805,46.543228910191765,40.08745412042496
59,113.0,-0.30118948,-0.13008597,-0.20182493,215.92,-164.78,52.68446518889958,17.950569044566475,,,45.62474685358704,15.545192792594566,6.0,16.26286480771104,9.66,,0.5,-10.26286480771104,46.68446518889958,36.42160038118854
59,115.0,-0.24453749,-0.23148432,-0.38714153,-228.37,-160.17000000000002,13.64891029458723,5.243309896975602,,,11.819956315112542,4.540706370780872,-21.0,-17.200585569363522,-33.81,,0.5,-3.799414430636478,34.64891029458723,30.84949586395075
59,115.0,-0.24409874,-0.22849873,-0.29105932,-248.45000000000005,-154.64999999999998,13.82579028514604,5.295300346292379,,,11.97313438693647,4.585730099889201,-21.0,-18.71298981787611,-33.81,,0.5,-2.2870101821238897,34.82579028514604,32.53878010302215
59,115.0,-0.24113996,-0.22540875,-0.23852456,-238.23,-172.68,13.970628344286276,5.368380632442532,,,12.098564146151917,4.649017627695232,-18.0,-17.943230285017613,-28.98,,0.5,-0.05676971498238714,31.970628344286276,31.91385862930389
59,117.0,-0.32863033,-0.11959314,-0.19917867,186.85,-200.24,-23.99437827737488,11.370316931802613,,,-20.77913158820665,9.846694462941064,11.0,14.073343318455027,17.71,,-0.5,-3.073343318455027,-34.99437827737488,-38.06772159582991
59,117.0,-0.33285275,-0.11981132,-0.19424985,199.04,-216.72,-24.33497388498049,11.51188120791624,,,-21.074087384393103,9.969289126055465,11.0,14.991481156570982,17.71,,-0.5,-3.9914811565709822,-35.334973884980485,-39.32645504155147
59,117.0,-0.3409209,-0.12074225,-0.18528748,230.42999999999995,-234.31,-24.742874196751018,11.655617765074355,,,-21.42732905438638,10.093764984554394,11.0,17.355742578922083,17.71,,-0.5,-6.355742578922083,-35.74287419675102,-42.0986167756731
59,118.0,-0.29176053,-0.12741943,-0.25241688,221.08000000000004,-163.74,24.74276194482885,7.209618997588299,254.44000000000003,-205.28,21.42723184422178,6.243530051911466,7.0,16.651510520974245,11.27,13.414905174007965,0.5,-9.651510520974245,17.74276194482885,8.091251423854604
59,118.0,-0.30346069,-0.11943606,-0.21314088,254.44000000000003,-205.28,25.219973688247688,7.354381724699698,254.44000000000003,-205.28,21.8404972140225,6.368894573589939,11.0,19.164150248582807,17.71,13.414905174007965,0.5,-8.164150248582807,14.219973688247688,6.055823439664881
59,118.0,-0.30186966,-0.11939059,-0.20392464,277.74,-200.85,25.502769144600418,7.531382231377339,277.74,-200.85,22.08539807922396,6.522177012372776,11.0,20.91908147320149,17.71,14.643357031241043,0.5,-9.91908147320149,14.502769144600418,4.583687671398927
59,119.0,-0.18936482,-0.24660054,-0.2207177,-566.98,-170.45,63.69680459379777,21.149345230694383,-566.98,-170.45,55.16143277822887,18.315332969781338,-24.0,-42.70433071821049,-38.64,-29.89303150274734,0.5,18.704330718210493,87.69680459379776,106.40113531200826
59,119.0,-0.19159126,-0.24616067,-0.20800923,-574.4,-186.32,65.86698365718173,21.385431545307064,-574.4,-186.32,57.04080784711938,18.51978371823592,-24.0,-43.26319722836803,-38.64,-30.284238059857618,0.5,19.26319722836803,89.86698365718173,109.13018088554976
59,119.0,-0.18641023,-0.23545986,-0.21221754,-554.39,-179.25,67.81431723297916,21.53325507396991,-554.39,-179.25,58.72719872375996,18.647798894057946,-26.0,-41.756065305422965,-41.86,-29.22924571379607,0.5,15.756065305422965,93.81431723297916,109.57038253840213
59,1.0,-0.43868348,-0.08864794,-0.2216104,262.24,-71.94,-15.08331510246697,2.155643659922494,262.24,-71.94,-13.062150878736396,1.86678740949288,11.0,19.75163795467833,17.71,13.82614656827483,-0.5,-8.75163795467833,-26.08331510246697,-34.8349530571453
59,1.0,-0.44338262,-0.08805301,-0.20626384,255.69000000000003,-73.49000000000001,-15.230686423971942,2.168925228437618,255.69000000000003,-73.49000000000001,-13.189774443159704,1.8782892478269773,11.0,19.258298919431446,17.71,13.480809243602012,-0.5,-8.258298919431446,-26.230686423971942,-34.488985343403385
59,1.0,-0.44501835,-0.08248688,-0.20377311,-6.090000000000032,-70.36000000000001,-15.239894394449776,2.182346318729524,255.69000000000003,-73.49000000000001,-13.197748545593509,1.889911912019767,11.0,-0.4586923243745868,17.71,13.480809243602012,-0.5,11.458692324374587,-26.239894394449777,-14.781202070075189
59,2.0,-0.32800707,-0.16575952,-0.24861059,-281.89,-90.54000000000002,14.382732951595765,2.222284237468508,-281.89,-90.54000000000002,12.45544673608193,1.924498149647728,7.0,-21.23165506041898,11.27,-14.862158542293283,0.5,28.23165506041898,7.382732951595765,35.61438801201474
59,2.0,-0.3019695,-0.17919245,-0.2125358,-279.5,-77.87,14.457852128386852,2.235364100329047,-279.5,-77.87,12.520499943183014,1.9358253108849544,-7.0,-21.05164280175638,-11.27,-14.736149961229463,0.5,14.05164280175638,21.457852128386854,35.509494930143234
59,2.0,-0.28640839,-0.18401171,-0.19674522,-276.19,-92.94,14.533921496398172,2.248590412286383,-276.19,-92.94,12.586376015880816,1.947279297040008,-11.0,-20.802337121349176,-17.71,-14.561635984944422,0.5,9.802337121349176,25.53392149639817,35.33625861774735
59,3.0,-0.38109609,-0.06115254,-0.22536185,339.29,-127.49,-21.469479262212577,4.688562942192624,339.29,-127.49,-18.592569041076093,4.060295507938812,22.0,25.554962025788623,35.42,17.888473418052037,-0.5,-3.5549620257886225,-43.46947926221257,-47.0244412880012
59,3.0,-0.37519082,-0.06571022,-0.20504303,336.0,-93.52,-21.692896005794616,4.730502533913974,336.0,-93.52,-18.786047941018136,4.096615194369503,20.0,25.307162724115003,32.2,17.7150139068805,-0.5,-5.307162724115003,-41.692896005794616,-47.00005872990962
59,3.0,-0.37581408,-0.06732064,-0.20397852,367.5700000000001,-136.83,-21.848292800947487,4.773051103674783,367.5700000000001,-136.83,-18.92062156562052,4.133462255782362,18.0,27.68498155506831,28.98,19.379487088547812,-0.5,-9.684981555068308,-39.84829280094749,-49.533274356015795
59,4.0,-0.37203705,-0.01115023,-0.17388612,433.59,494.5700000000001,22.469979049547987,3.6070201986646,,,19.45900185690856,3.1236794920435447,25.0,32.6575377546102,40.25,,0.5,-7.657537754610203,-2.5300209504520126,-10.187558705062216
59,4.0,-0.37532604,-0.01043085,-0.17365783,435.37,486.87,22.71483288463105,3.6381243351686408,,,19.67104527809049,3.150615674256043,25.0,32.79160546189866,40.25,,0.5,-7.791605461898662,-2.2851671153689495,-10.076772577267612
59,4.0,-0.37828469,-0.00893603,-0.17499489,483.97,321.65,22.8228405995788,3.6697252845332287,,,19.76457995923524,3.177982096405776,26.0,36.45210578449387,41.86,,0.5,-10.452105784493867,-3.1771594004212,-13.629265184915067
59,5.0,-0.42545387,-0.0751607,-0.2151179,228.16,-29.97999999999999,33.40539193688182,5.5320570855659685,387.7000000000001,281.22,28.92906941733965,4.79076143610013,13.0,17.184768592660944,20.93,20.44080622529039,0.5,-4.184768592660944,20.40539193688182,16.220623344220876
59,5.0,-0.43070719,-0.07396903,-0.20227385,247.72000000000003,-52.31999999999999,33.84309297605773,5.592537682513012,387.7000000000001,281.22,29.308118517266,4.843137633056269,13.0,18.658006994100504,20.93,20.44080622529039,0.5,-5.658006994100504,20.843092976057733,15.18508598195723
59,5.0,-0.42970783,-0.07270861,-0.19928566,387.7000000000001,281.22,34.218496726473745,5.653815702602429,387.7000000000001,281.22,29.633218165126262,4.896204398453703,15.0,29.201151750414844,24.15,20.44080622529039,0.5,-14.201151750414844,19.218496726473745,5.017344976058901
59,6.0,-0.42022035,-0.06305166,-0.20852782,319.01,-77.44,15.77425292283998,2.456681349710212,319.01,-77.44,13.660503031179424,2.1274860488490432,15.0,24.027493989940258,24.15,16.819245792958178,0.5,-9.027493989940258,0.7742529228399793,-8.253241067100278
59,6.0,-0.42271984,-0.06306256,-0.19722703,296.67999999999995,-50.30000000000001,15.864055312947226,2.4724499228909167,296.67999999999995,-50.30000000000001,13.738271901012295,2.1411416332235333,15.0,22.345622133900115,24.15,15.64193549373008,0.5,-7.345622133900115,0.8640553129472259,-6.481566820952889
59,6.0,-0.42381284,-0.06328716,-0.19510478,306.74,-77.66,15.885409322140031,2.4884058209555144,306.74,-77.66,13.756764472973266,2.154959440947476,15.0,23.10333063688999,24.15,16.17233144582299,0.5,-8.10333063688999,0.8854093221400312,-7.217921314749958
59,7.0,-0.40714344,-0.0599048,-0.24290574,362.01,-89.83000000000001,18.579152771125838,2.532555163281048,362.01,-89.83000000000001,16.08954629979497,2.193192771401388,23.0,27.266208267133543,37.03,19.08634578699348,0.5,-4.266208267133543,-4.4208472288741625,-8.687055496007705
59,7.0,-0.41123366,-0.05646327,-0.21913487,371.44000000000005,-85.49000000000001,18.704131396025755,2.5539811037776534,371.44000000000005,-85.49000000000001,16.1977777889583,2.211747635871448,22.0,27.97646584001571,35.42,19.583526088010995,0.5,-5.97646584001571,-3.2958686039742453,-9.272334443989955
59,7.0,-0.4111799,-0.05662186,-0.20909977,357.32000000000005,-74.87,18.83022379020252,2.575726781645079,357.32000000000005,-74.87,16.30697380231538,2.230579392904639,22.0,26.912962454109444,35.42,18.83907371787661,0.5,-4.912962454109444,-3.1697762097974795,-8.082738663906923
59,8.0,-0.39834651,-0.03793851,-0.20901634,448.1500000000001,-89.62,23.23824179002892,3.876641892333012,448.1500000000001,-89.62,20.12431739016504,3.357171878760388,26.0,33.75418147265518,41.86,23.627927030858626,0.5,-7.754181472655183,-2.761758209971081,-10.515939682626264
59,8.0,-0.39914975,-0.03141376,-0.19139241,467.93000000000006,-89.46000000000001,23.431062177937758,3.912018660039992,467.93000000000006,-89.46000000000001,20.29129984609409,3.3878081595946323,27.0,35.24399004016409,43.470000000000006,24.670793028114865,0.5,-8.243990040164093,-3.5689378220622423,-11.812927862226335
59,8.0,-0.40407544,-0.02915586,-0.19089952,251.25,-101.33,23.62799727792099,3.9479608349056505,251.25,-101.33,20.461845642679577,3.4189340830282937,26.0,18.923882840577065,41.86,13.246717988403944,0.5,7.076117159422935,-2.37200272207901,4.704114437343925
59,9.0,-0.39011705,-0.02364811,-0.20524423,531.28,-104.53,32.260174593580565,5.409496681447349,531.28,-104.53,27.93731119804077,4.684624126133404,30.0,40.015444678773264,48.3,28.010811275141283,0.5,-10.015444678773264,2.2601745935805653,-7.755270085192699
59,9.0,-0.39169064,-0.01862756,-0.19574048,548.4300000000001,-108.24,32.60957234861451,5.468488027023703,548.4300000000001,-108.24,28.239889653900168,4.735710631402526,30.0,41.30716444281664,48.3,28.915015109971648,0.5,-11.307164442816642,2.6095723486145133,-8.697592094202129
59,9.0,-0.39838335,-0.01707347,-0.19721408,594.9100000000001,7.850000000000023,32.9652060214814,5.528311649161452,594.9100000000001,7.850000000000023,28.54786841460289,4.7875178881738165,30.0,44.80798861965256,48.3,31.365592033756787,0.5,-14.807988619652562,2.9652060214814,-11.842782598171162
59,10.0,-0.34012684,0.02487907,-0.19626409,743.2,-156.03,46.29641140961372,7.473785384959427,743.2,-156.03,40.09269228072548,6.472298143374864,45.0,52.09057660713671,72.45,36.46340362499569,0.5,-7.090576607136711,1.296411409613718,-5.794165197522993
59,10.0,-0.33942634,0.03158637,-0.17546648,766.52,-149.88,47.00693060274132,7.54973898294697,766.52,-149.88,40.70800190197399,6.538073959232076,45.0,52.968795408812845,72.45,37.07815678616899,0.5,-7.968795408812845,2.0069306027413205,-5.9618648060715245
59,10.0,-0.34034309,0.03031222,-0.17518003,757.8800000000001,-143.65,47.66226739795588,7.6253229429026845,757.8800000000001,-143.65,41.27552356662979,6.603529668553726,45.0,52.643417602359946,72.45,36.85039232165196,0.5,-7.643417602359946,2.6622673979558797,-4.9811502044040665
59,11.0,-0.40967578,-0.03964752,-0.21533762,400.76,-152.5,76.49597603758927,8.71555983064426,400.76,-152.5,66.24551524855231,7.547674813337931,22.0,30.184817063441454,35.42,21.129371944409016,0.5,-8.184817063441454,54.49597603758927,46.311158974147816
59,11.0,-0.41980395,-0.03699414,-0.20153044,385.87,-111.06,77.59204766654224,8.651648938597802,385.87,-111.06,67.19471327922558,7.492327980825696,22.0,29.06331809629243,35.42,20.3443226674047,0.5,-7.063318096292431,55.59204766654224,48.52872957024981
59,11.0,-0.42319727,-0.03482634,-0.19686329,457.21,-161.62,78.83782218925201,8.578893262652961,457.21,-161.62,68.27355401589224,7.429321565457464,22.0,34.436571038966136,35.42,24.10559972727629,0.5,-12.436571038966136,56.83782218925201,44.40125115028587
59,13.0,-0.35641938,-0.08625191,-0.20466983,222.78,-19.31,8.62698080375342,1.2918190152427944,293.77,82.14999999999998,7.470965376050462,1.1187152672002596,18.0,16.779552713328393,28.98,15.488510819715133,0.5,1.2204472866716074,-9.37301919624658,-8.152571909574972
59,13.0,-0.37735903,-0.09121156,-0.18303889,293.77,82.14999999999998,8.597421752219512,1.294633547369742,293.77,82.14999999999998,7.445367237422097,1.1211526520221966,18.0,22.126444028164475,28.98,15.488510819715133,0.5,-4.1264440281644745,-9.402578247780488,-13.529022275944962
59,13.0,-0.40260643,-0.10628048,-0.18787587,439.19000000000005,484.78,8.599729024659863,1.2988747419908355,293.77,82.14999999999998,7.447365335355442,1.1248255265640634,9.0,33.07932380001211,14.49,15.488510819715133,0.5,-24.079323800012112,-0.40027097534013656,-24.479594775352247
59,13.0,-0.41392466,-0.09736037,-0.20486332,209.61,2.819999999999993,8.888090592266282,1.343328797164579,293.77,82.14999999999998,7.6970864529026,1.1633227383445257,20.0,15.787602317267105,32.2,15.488510819715133,0.5,4.212397682732895,-11.111909407733718,-6.899511725000822
59,13.0,-0.4322899,-0.08726688,-0.20697539,197.08000000000004,-10.900000000000006,8.962017092995703,1.3478904997448358,293.77,82.14999999999998,7.761106802534279,1.167273172779027,15.0,14.843856040680317,24.15,15.488510819715133,0.5,0.1561439593196834,-6.037982907004297,-5.881838947684614
59,13.0,-0.43439645,-0.08200349,-0.20720387,191.12,-31.65000000000001,9.0625933657245,1.352996909771012,293.77,82.14999999999998,7.848205854717418,1.1716953238616958,15.0,14.394955178073984,24.15,15.488510819715133,0.5,0.6050448219260165,-5.937406634275501,-5.332361812349484
59,13.0,-0.41140217,-0.06146206,-0.22905925,351.29,-140.05,16.216035171995113,2.6696444980020395,351.29,-140.05,14.043086458947768,2.3119121352697656,15.0,26.45878926593559,24.15,18.52115248615491,0.5,-11.45878926593559,1.216035171995113,-10.242754093940476
59,13.0,-0.41764596,-0.05955244,-0.20485558,359.07000000000005,-140.27,16.23884923993555,2.6901797410993677,359.07000000000005,-140.27,14.062843441784189,2.3296956557920527,15.0,27.044770593297542,24.15,18.93133941530828,0.5,-12.044770593297542,1.2388492399355506,-10.805921353361992
59,13.0,-0.41893122,-0.05913843,-0.19510165,322.0,-136.27,16.379078913258912,2.7110205345422225,322.0,-136.27,14.184282338882218,2.347743782913565,15.0,24.25269761061021,24.15,16.976888327427144,0.5,-9.252697610610209,1.3790789132589119,-7.873618697351297
59,14.0,-0.37682039,-0.05146761,-0.24574842,378.68,-173.08,23.8596203029206,4.18181549719475,378.68,-173.08,20.66243118232924,3.621452220570653,22.0,28.52177494157104,35.42,19.965242459099727,0.5,-6.521774941571039,1.8596203029206002,-4.662154638650438
59,14.0,-0.37626162,-0.04988687,-0.20995079,393.65,-134.67,24.16438188462022,4.22706558983333,393.65,-134.67,20.92635471208111,3.660638800795663,23.0,29.649299423654377,37.03,20.754509596558066,0.5,-6.6492994236543765,1.1643818846202194,-5.484917539034157
59,14.0,-0.38099232,-0.04754134,-0.19854978,415.5700000000001,-148.07,24.28596107710496,4.260473347092011,415.5700000000001,-148.07,21.031642292772897,3.6895699185816806,23.0,31.300290515656165,37.03,21.910203360959315,0.5,-8.300290515656165,1.285961077104961,-7.014329438551204
59,15.0,-0.39453933,-0.03769531,-0.23081931,425.38,-92.12,26.236904281311144,4.580782321272441,425.38,-92.12,22.72115910761545,3.966957490221933,27.0,32.03916928447631,43.470000000000006,22.427418499133413,0.5,-5.0391692844763085,-0.7630957186888558,-5.802265003165164
59,15.0,-0.39421228,-0.0362542,-0.20667872,365.2000000000001,-80.62,26.50267495239157,4.633428802511428,365.2000000000001,-80.62,22.9513165087711,4.012549342974896,26.0,27.50647567513929,41.86,19.254532972597502,0.5,-1.5064756751392885,0.502674952391569,-1.0038007227477195
59,15.0,-0.39921528,-0.03988519,-0.20635191,267.19000000000005,-64.24000000000001,26.764130931460645,4.67726195535503,267.19000000000005,-64.24000000000001,23.17773738664492,4.0505088533374565,26.0,20.124466691238958,41.86,14.087126683867266,0.5,5.875533308761042,0.7641309314606453,6.639664240221688
59,16.0,-0.42448154,-0.06991865,-0.25465572,250.35,-34.47000000000003,37.34088255906288,6.574867421012263,250.35,-34.47000000000003,32.33720429614846,5.693835186596619,15.0,18.85609579756605,24.15,13.199267058296233,0.5,-3.8560957975660486,22.340882559062877,18.484786761496828
59,16.0,-0.43957743,-0.06877978,-0.22436188,242.62,-42.610000000000014,37.86732772198236,6.661522854646334,250.35,-34.47000000000003,32.79310580723672,5.768878792123726,13.0,18.27388041703804,20.93,13.199267058296233,0.5,-5.27388041703804,24.867327721982363,19.593447304944323
59,16.0,-0.44411865,-0.0710424,-0.20694417,247.32000000000005,-54.670000000000016,38.30778311207814,6.733308661856112,250.35,-34.47000000000003,33.17454017505967,5.831045301167393,13.0,18.627879419428936,20.93,13.199267058296233,0.5,-5.627879419428936,25.30778311207814,19.679903692649205
59,18.0,-0.39081928,-0.03522309,-0.21686211,436.2000000000001,-138.69,-40.632751944470094,6.484168884883726,436.2000000000001,-138.69,-35.1879631839111,5.615290254309306,25.0,32.85412017934216,40.25,22.99788412553951,-0.5,-7.854120179342161,-65.6327519444701,-73.48687212381225
59,18.0,-0.39469051,-0.03323526,-0.20346525,227.88,-123.5,-41.00814258932065,6.539486912319024,436.2000000000001,-138.69,-35.513051482351685,5.663195666068274,25.0,17.163679290390853,40.25,22.99788412553951,-0.5,7.836320709609147,-66.00814258932064,-58.1718218797115
59,18.0,-0.39607465,-0.03258044,-0.20649244,7.840000000000032,-92.38,-41.53377156428098,6.61598802367239,436.2000000000001,-138.69,-35.96824617466733,5.72944562850029,25.0,0.5905004635626858,40.25,22.99788412553951,-0.5,24.409499536437313,-66.53377156428098,-42.124272027843666
59,19.0,-0.37495363,-0.02563886,-0.25616175,566.0699999999999,-102.99,30.94686381064171,6.761313951478883,566.0699999999999,-102.99,26.79998406001572,5.855297881980713,26.0,42.63579048583267,41.86,29.845053340082867,0.5,-16.635790485832672,4.946863810641709,-11.688926675190963
59,19.0,-0.37457031,-0.01694305,-0.22089298,600.6199999999999,273.37,31.28725869669477,6.83930130232676,600.6199999999999,273.37,27.09476603133767,5.922834927814975,29.0,45.238059748089135,46.690000000000005,31.666641823662392,0.5,-16.238059748089135,2.2872586966947708,-13.950801051394365
59,19.0,-0.37689883,-0.01825389,-0.20666873,550.49,437.42,31.63451754154401,6.918590648713519,600.6199999999999,273.37,27.39549219097712,5.991499501785908,29.0,41.4623214523752,46.690000000000005,31.666641823662392,0.5,-12.4623214523752,2.6345175415440103,-9.82780391083119
59,21.0,-0.39531088,-0.06344031,-0.23243681,338.78,-55.59,-32.48760137209775,5.248305111776746,338.78,-55.59,-28.13426278823665,4.545032226798661,18.0,25.51654936808238,28.98,17.861584557657665,-0.5,-7.51654936808238,-50.48760137209775,-58.00415074018013
59,21.0,-0.39951116,-0.05984555,-0.21611694,313.53,-84.99000000000001,-32.83302227006127,5.309137825375439,313.53,-84.99000000000001,-28.43339728587306,4.597713356775129,22.0,23.614746216939807,35.42,16.530322351857865,-0.5,-1.6147462169398068,-54.83302227006127,-56.44776848700108
59,21.0,-0.40200895,-0.05897858,-0.21029311,311.58000000000004,-110.22,-33.145954941788204,5.359619473690215,311.58000000000004,-110.22,-28.704396979588584,4.641430464215725,22.0,23.46787429041593,35.42,16.427512003291152,-0.5,-1.4678742904159314,-55.145954941788204,-56.61382923220414
59,23.0,-0.37977538,-0.14032809,-0.24165657,185.19000000000003,65.27000000000001,-22.47420844135805,3.58027158521462,410.53,17.25999999999999,-19.46266451021608,3.1005151927958607,7.0,13.948313883568032,11.27,21.644478152356104,-0.5,-6.948313883568032,-29.47420844135805,-36.422522324926085
59,23.0,-0.38725814,-0.14823946,-0.21473707,155.0,44.09,-22.631570834201167,3.607675346269554,410.53,17.25999999999999,-19.59894034241821,3.1242468498694347,5.0,11.674435185231625,8.05,21.644478152356104,-0.5,-6.674435185231625,-27.631570834201167,-34.30600601943279
59,23.0,-0.38817772,-0.14805357,-0.20556143,410.53,17.25999999999999,-22.8759178265928,3.638523116367507,410.53,17.25999999999999,-19.810544837829365,3.150961018774261,5.0,30.92068307479444,8.05,21.644478152356104,-0.5,-25.92068307479444,-27.8759178265928,-53.79660090138724
59,25.0,-0.35970542,-0.00392479,-0.21734245,468.3,-94.94,13.409110279170552,2.218411122584752,468.3,-94.94,11.612289501761698,1.921144032158395,32.0,35.271858046735275,51.52,24.69030063271469,0.5,-3.271858046735275,-18.59088972082945,-21.862747767564723
59,25.0,-0.36121073,-0.00328507,-0.20392482,469.93,-105.23,13.405050445006497,2.229103804790717,469.93,-105.23,11.608773685375624,1.9304038949487603,30.0,35.39462791352192,48.3,24.77623953946534,0.5,-5.394627913521923,-16.594949554993505,-21.989577468515428
59,25.0,-0.36673436,-0.00094122,-0.19966908,553.04,52.88,13.5050983240125,2.238810595142024,553.04,52.88,11.695415148594826,1.938809975392992,30.0,41.65438474090643,48.3,29.1580693186345,0.5,-11.65438474090643,-16.4949016759875,-28.14928641689393
59,25.0,-0.39653835,-0.06451802,-0.23648766,456.21,-79.53999999999999,28.172438566037837,4.702349220883072,456.21,-79.53999999999999,24.397331798188763,4.072234425284741,18.0,34.36125210228722,28.98,24.05287647160105,0.5,-16.361252102287217,10.172438566037837,-6.188813536249381
59,25.0,-0.3998889,-0.06074682,-0.20623441,416.49,-57.24000000000001,28.461001488432743,4.741887679610407,416.49,-57.24000000000001,24.647227288982755,4.106474730542612,18.0,31.369583937400765,28.98,21.95870875618053,0.5,-13.369583937400765,10.461001488432743,-2.9085824489680228
59,25.0,-0.40371701,-0.05771981,-0.19456965,343.5,-107.68,28.801589679289687,4.777867192146236,343.5,-107.68,24.94217666226487,4.137632988398641,18.0,25.872054749206853,28.98,18.1104383244448,0.5,-7.872054749206853,10.801589679289687,2.929534930082834
59,26.0,-0.4401136,-0.07535094,-0.21431638,282.70000000000005,-103.21,24.497213452409795,4.149942455736753,282.70000000000005,-103.21,21.214586849786883,3.5938501666680285,11.0,21.292663399128905,17.71,14.904864379390231,0.5,-10.292663399128905,13.497213452409795,3.20455005328089
59,26.0,-0.43858579,-0.07321567,-0.20238928,304.92,-112.96,24.76678748076134,4.182728872332609,304.92,-112.96,21.44803795833932,3.622243203440039,13.0,22.96625017213436,20.93,16.076375120494053,0.5,-9.966250172134359,11.76678748076134,1.800537308626982
59,26.0,-0.43786445,-0.07185794,-0.19859453,325.82000000000005,-107.09,24.97379277382308,4.215944726632193,325.82000000000005,-107.09,21.627304542130787,3.65100813326348,15.0,24.540415948723663,24.15,17.17829116410656,0.5,-9.540415948723663,9.973792773823082,0.433376825099419
59,27.0,-0.45895734,-0.10414052,-0.24075992,314.48,-105.21,18.583302246661194,3.291192360248673,314.48,-105.21,16.093139745608593,2.8501725839753504,7.0,23.68629920678478,11.27,16.580409444749346,0.5,-16.68629920678478,11.583302246661194,-5.102996960123587
59,27.0,-0.4568378,-0.10631189,-0.21392146,300.41,-120.53,18.664136251127925,3.313460928972101,300.41,-120.53,16.16314199347678,2.86945716448984,7.0,22.62656176771246,11.27,15.83859323739872,0.5,-15.62656176771246,11.664136251127925,-3.962425516584535
59,27.0,-0.44802696,-0.10713808,-0.20162894,-57.90999999999997,-93.99,18.768327627381133,3.335987589711382,300.41,-120.53,16.25337172531206,2.888965252690057,9.0,-4.3617196230758895,14.49,15.83859323739872,0.5,13.361719623075889,9.768327627381133,23.13004725045702
59,28.0,-0.43725058,-0.07390527,-0.21941704,251.33000000000004,-90.8,-35.95306802542064,5.015355517127446,251.33000000000004,-90.8,-31.13535691001428,4.34329787783237,15.0,18.929908355511383,24.15,13.250935848857967,-0.5,-3.929908355511383,-50.95306802542064,-54.88297638093202
59,28.0,-0.4387908,-0.07056259,-0.20801219,260.05999999999995,-89.75999999999999,-36.41048226696838,5.079705401659089,260.05999999999995,-89.75999999999999,-31.531477643194616,4.399024877836769,15.0,19.587442672718293,24.15,13.711209870902804,-0.5,-4.587442672718293,-51.41048226696838,-55.99792493968667
59,28.0,-0.43717507,-0.0706877,-0.20557015,285.28,-76.06,-36.80952114445864,5.145097458977082,285.28,-76.06,-31.877045311101185,4.455654399474152,15.0,21.486986255760492,24.15,15.040890379032346,-0.5,-6.486986255760492,-51.80952114445864,-58.296507400219134
59,29.0,-0.41805068,-0.08228267,-0.23857754,392.1,-90.64,18.959191864739523,3.3612620291469053,392.1,-90.64,16.418660154864426,2.91085291724122,18.0,29.53255507180206,28.98,20.67278855026144,0.5,-11.532555071802062,0.9591918647395232,-10.573363207062538
59,29.0,-0.41632402,-0.07490736,-0.21366739,273.83000000000004,-97.65,19.0232823804829,3.384403575679596,273.83000000000004,-97.65,16.474162541498192,2.9308934965385296,18.0,20.62458443078694,28.98,14.437209101550856,0.5,-2.624584430786939,1.0232823804829003,-1.6013020503040387
59,29.0,-0.42040879,-0.0731998,-0.20885365,-45.360000000000014,-90.95,19.154595318923715,3.407816823563791,273.83000000000004,-97.65,16.587879546187935,2.9511693692062426,18.0,-3.416466967755526,28.98,14.437209101550856,0.5,21.416466967755525,1.1545953189237146,22.57106228667924
59,30.0,-0.43262386,-0.0899933,-0.23961531,343.24,-81.36000000000001,24.156159721018422,4.218370598310459,343.24,-81.36000000000001,20.91923431840196,3.6531089381368567,11.0,25.85247182567034,17.71,18.09673027796924,0.5,-14.852471825670339,13.156159721018422,-1.6963121046519163
59,30.0,-0.43270376,-0.08417218,-0.22114915,331.76,-102.87,24.27271472417876,4.25253307445978,331.76,-102.87,21.02017095113881,3.682693642482171,15.0,24.987810432596405,24.15,17.491467302817483,0.5,-9.987810432596405,9.272714724178758,-0.7150957084176461
59,30.0,-0.43669644,-0.08530609,-0.22609542,572.29,324.86,24.50145094185241,4.287144683109311,331.76,-102.87,21.218256515644192,3.712667295572663,13.0,43.10427427197552,20.93,17.491467302817483,0.5,-30.10427427197552,11.501450941852411,-18.60282333012311
59,31.0,-0.4283224,-0.09592278,-0.24338798,314.57000000000005,-122.0,20.28629786091909,5.499007051785683,314.57000000000005,-122.0,17.567933947555932,4.762140106846401,13.0,23.693077911085883,20.93,16.58515453776012,0.5,-10.693077911085883,7.286297860919088,-3.4067800501667946
59,31.0,-0.43432283,-0.09237496,-0.23097211,331.47,-123.79,20.427561618818288,5.535702884220881,331.47,-123.79,17.69026836189664,4.793918697735283,13.0,24.965967940959526,20.93,17.47617755867167,0.5,-11.965967940959526,7.427561618818288,-4.538406322141238
59,31.0,-0.43614626,-0.09245772,-0.23153929,102.85000000000002,-77.77000000000001,20.57091980881149,5.572808989140489,331.47,-123.79,17.814416554430753,4.826052584595664,11.0,7.746552637426276,17.71,17.47617755867167,0.5,3.2534473625737244,9.570919808811489,12.824367171385212
59,32.0,-0.3950783,-0.099939,-0.2594167,349.91,-76.78999999999999,16.673481305518997,2.9060822086427853,349.91,-76.78999999999999,14.439234810579451,2.516667192684653,15.0,26.354849133318687,24.15,18.44839439332308,0.5,-11.354849133318687,1.6734813055189974,-9.68136782779969
59,32.0,-0.39865291,-0.09399897,-0.23140608,275.0,-71.5,16.707350331561372,2.9238467936495223,275.0,-71.5,14.468565387132148,2.532051323300486,15.0,20.712707586701267,24.15,14.498895310690886,0.5,-5.712707586701267,1.707350331561372,-4.005357255139895
59,32.0,-0.39958015,-0.09387782,-0.22005457,64.41999999999996,-67.41,16.829773294732146,2.9418256697146905,275.0,-71.5,14.574583673238038,2.5476210299729223,18.0,4.852045900855617,28.98,14.498895310690886,0.5,13.147954099144382,-1.1702267052678543,11.977727393876528
59,33.0,-0.4084473,-0.06818677,-0.25716567,365.09,-73.25999999999999,20.0742151393673,3.5477090545203502,365.09,-73.25999999999999,17.38427031069208,3.0723160412146227,22.0,27.498190592104606,35.42,19.24873341447322,0.5,-5.498190592104606,-1.9257848606326995,-7.423975452737306
59,33.0,-0.40887576,-0.05704933,-0.22510609,144.29999999999995,-72.03999999999999,20.284841607249508,3.573170933237245,365.09,-73.25999999999999,17.566672831878073,3.094366028183454,22.0,10.868522562767245,35.42,19.24873341447322,0.5,11.131477437232755,-1.7151583927504923,9.416319044482263
59,33.0,-0.41203493,-0.05675642,-0.21654178,166.77999999999997,-74.59,20.431751270066524,3.598952931191956,365.09,-73.25999999999999,17.69389659987761,3.116693238412233,22.0,12.561692259309224,35.42,19.24873341447322,0.5,9.438307740690776,-1.568248729933476,7.8700590107573
59,34.0,-0.42733511,-0.03509058,-0.21584056,516.1800000000001,-61.70999999999998,27.5128788644426,4.707520349755004,516.1800000000001,-61.70999999999998,23.826153096607293,4.076712622887834,25.0,38.87812873492168,40.25,27.214690114445176,0.5,-13.878128734921681,2.5128788644426017,-11.36524987047908
59,34.0,-0.42494103,-0.02858102,-0.20180432,533.0,-58.170000000000016,27.770854579690308,4.747616359945686,533.0,-58.170000000000016,24.049560066011807,4.111435767712965,25.0,40.144993249861,40.25,28.1014952749027,0.5,-15.144993249861002,2.770854579690308,-12.374138670170694
59,34.0,-0.42478207,-0.02371887,-0.19606532,560.98,-111.5,28.033310155216064,4.788202844553863,560.98,-111.5,24.276846594417112,4.146583663383645,26.0,42.25241709813701,41.86,29.576691968695904,0.5,-16.25241709813701,2.033310155216064,-14.219106942920945
59,35.0,-0.42322317,-0.04118184,-0.20645082,499.96,-137.84,35.68773497796122,5.95566271413883,499.96,-137.84,30.90557849091441,5.157603910444228,22.0,37.6564555819897,35.42,26.359518907392783,0.5,-15.656455581989697,13.68773497796122,-1.9687206040284764
59,35.0,-0.43048587,-0.03877372,-0.2007326,474.53,-109.58,36.0393040040001,6.00871845418218,474.53,-109.58,31.210037267464088,5.20355018132177,22.0,35.74109502224491,35.42,25.01876651557144,0.5,-13.741095022244913,14.039304004000101,0.29820898175518806
59,35.0,-0.43346268,-0.03929967,-0.20709144,515.53,-83.62,36.53090008394429,6.06195934108789,515.53,-83.62,31.635759472695757,5.249656789382113,22.0,38.82917142608037,35.42,27.18041999825626,0.5,-16.82917142608037,14.530900083944289,-2.2982713421360828
59,37.0,-0.38417605,-0.07035632,-0.20937943,365.12,-88.86000000000001,10.79806689287545,1.8845903475707155,365.12,-88.86000000000001,9.35112592923014,1.63205524099624,22.0,27.500450160204974,35.42,19.25031511214348,0.5,-5.500450160204974,-11.20193310712455,-16.702383267329523
59,37.0,-0.40980619,-0.05395171,-0.19973576,383.15,-89.25999999999999,10.907059753234511,1.8933030759815148,383.15,-89.25999999999999,9.445513746301089,1.6396004637999917,22.0,28.858450588525784,35.42,20.200915411968047,0.5,-6.858450588525784,-11.092940246765489,-17.95139083529127
59,37.0,-0.4084028,-0.05198079,-0.20193292,116.82000000000004,-60.59,10.936538765638982,1.9012929916017784,383.15,-89.25999999999999,9.47104257104336,1.6465197307271398,22.0,8.798758182830703,35.42,20.200915411968047,0.5,13.201241817169297,-11.063461234361018,2.137780582808279
59,37.0,-0.33992755,-0.06214397,-0.23951583,526.2,-127.77,24.68580456315061,4.464381488707184,526.2,-127.77,21.37790675168843,3.866154369220421,29.0,39.6328244804444,46.690000000000005,27.74297713631108,0.5,-10.632824480444398,-4.314195436849388,-14.947019917293787
59,37.0,-0.36892512,-0.04114025,-0.21446422,523.22,-149.48,24.95599974352957,4.502313254084783,523.22,-149.48,21.611895777896606,3.899003278037421,26.0,39.40837404914123,41.86,27.58586183439886,0.5,-13.40837404914123,-1.0440002564704294,-14.45237430561166
59,37.0,-0.38367939,-0.02785423,-0.20431605,524.5,-156.29,25.22115666001774,4.5446272634489056,524.5,-156.29,21.841521667575364,3.935647210146753,25.0,39.50478228809023,40.25,27.65334760166316,0.5,-14.504782288090233,0.2211566600177406,-14.283625628072492
59,38.0,-0.3493619,-0.06805316,-0.19970748,-50.19,-67.85000000000002,33.65029315245684,6.145839103194748,,,29.141153870027622,5.322296663366652,23.0,-3.780257431914678,37.03,,0.5,26.780257431914677,10.65029315245684,37.43055058437152
59,38.0,-0.35222286,-0.06593156,-0.20251179,-118.25,-27.180000000000007,34.01778626839451,6.191675727693728,,,29.459402908429645,5.361991180182766,25.0,-8.906464262281546,40.25,,0.5,33.906464262281546,9.01778626839451,42.924250530676055
59,38.0,-0.34103826,-0.07758074,-0.21200763,-44.620000000000005,-79.63999999999999,34.5868577506389,6.247913245823156,,,29.952218812053285,5.410692870882851,23.0,-3.3607309546131297,37.03,,0.5,26.36073095461313,11.586857750638899,37.94758870525203
59,38.0,-0.36659333,-0.31742227,-0.59708589,25.539999999999964,-81.13,58.83316485032567,7.607926075181709,,,50.94952076038203,6.58846398110736,-31.0,1.923645642779453,-49.91,,0.5,-32.923645642779455,89.83316485032567,56.90951920754622
59,39.0,-0.36653775,-0.3182945,-0.59894896,75.84000000000003,-124.99,14.05031661077056,2.328397463184761,-567.5,-285.25,12.167574184927306,2.016392203118004,-31.0,5.712188157728817,-49.91,-29.920447595698462,0.5,-36.71218815772882,45.05031661077056,8.338128453041744
59,39.0,-0.36435291,-0.31577182,-0.59568483,-567.5,-285.25,14.17286853647912,2.3390583079669147,-567.5,-285.25,12.273704152590918,2.025624494699348,-31.0,-42.74349656528352,-49.91,-29.920447595698462,0.5,11.743496565283522,45.17286853647912,56.91636510176264
59,39.0,-0.36519647,-0.33125326,-0.59739518,230.97000000000003,-94.66000000000004,15.302013294843288,2.7710926765116053,-567.5,-285.25,13.251543513334289,2.39976625785905,-24.0,17.3964148047287,-38.64,-29.920447595698462,0.5,-41.3964148047287,39.30201329484329,-2.0944015098854116
59,39.0,-0.36883488,-0.33214223,-0.60128516,232.32000000000005,-95.33999999999996,15.409752665140443,2.780914321357428,-567.5,-285.25,13.344845808011623,2.4082718022955323,-24.0,17.49809536924523,-38.64,-29.920447595698462,0.5,-41.498095369245235,39.409752665140445,-2.0883427041047877
59,39.0,-0.36786434,-0.33062676,-0.60034722,237.66,-99.07999999999998,15.543742156514428,2.7957843332637067,-567.5,-285.25,13.460880707541495,2.4211492326063704,-24.0,17.900298491110625,-38.64,-29.920447595698462,0.5,-41.900298491110625,39.543742156514426,-2.3565563345961973
59,39.0,-0.36327672,-0.33718854,-0.59882569,37.14999999999998,-141.67000000000002,16.01893863712574,2.918429989390185,-567.5,-285.25,13.87240085975089,2.527360370811901,-24.0,2.798098497621642,-38.64,-29.920447595698462,0.5,-26.79809849762164,40.01893863712574,13.220840139504098
59,39.0,-0.36696002,-0.33590433,-0.60070175,63.700000000000045,-168.51999999999998,16.137374869707532,2.936504415342294,-567.5,-285.25,13.974966637166723,2.543012823686428,-24.0,4.797816266446806,-38.64,-29.920447595698462,0.5,-28.797816266446805,40.13737486970753,11.339558603260727
59,39.0,-0.36320117,-0.32912734,-0.59556055,63.54999999999996,-174.54,16.17429356038422,2.964018510291883,-567.5,-285.25,14.006938223292735,2.56684002991277,-24.0,4.786518425944962,-38.64,-29.920447595698462,0.5,-28.786518425944962,40.17429356038422,11.38777513443926
59,39.0,-0.36004251,-0.33968198,-0.60376346,251.13,-140.9,17.20326500669652,3.178999021289433,251.13,-140.9,14.898027495799186,2.7530131524366483,-24.0,18.9148445681756,-38.64,13.240391197722916,0.5,-42.914844568175596,41.20326500669652,-1.7115795614790805
59,39.0,-0.36175632,-0.33616057,-0.60158533,310.63,-150.15,17.3636862223572,3.202272331973587,310.63,-150.15,15.036952268561334,2.773167839489126,-24.0,23.396321300570964,-38.64,16.377424910399675,0.5,-47.39632130057096,41.3636862223572,-6.032635078213765
59,39.0,-0.36175025,-0.32789314,-0.59339136,319.22,-152.78,17.527967208203098,3.21941435923753,319.22,-152.78,15.179219602303885,2.7880128350997007,-24.0,24.043310966642835,-38.64,16.830317676649983,0.5,-48.043310966642835,41.527967208203094,-6.515343758439737
59,39.0,-0.36380935,-0.33437228,-0.60087556,41.25,-121.83999999999996,21.629617387488462,3.9745423933483366,319.22,-152.78,18.731248657565008,3.44195371263966,-24.0,3.10690613800519,-38.64,16.830317676649983,0.5,-27.10690613800519,45.629617387488466,18.522711249483272
59,39.0,-0.36690313,-0.33887431,-0.59917372,42.67999999999995,-124.64,21.756555655064872,4.0090629660843415,319.22,-152.78,18.84117719728618,3.47184852862904,-24.0,3.214612217456033,-38.64,16.830317676649983,0.5,-27.214612217456033,45.75655565506487,18.54194343760884
59,39.0,-0.36866802,-0.32427171,-0.59836328,48.14999999999998,-122.92000000000002,21.96150379490541,4.034485940970537,319.22,-152.78,19.01866228638809,3.493864824880485,-24.0,3.626606801089693,-38.64,16.830317676649983,0.5,-27.626606801089693,45.96150379490541,18.33489699381572
59,39.0,-0.37194392,-0.33326989,-0.59401596,-710.0,-505.75,30.67292123507738,5.548802209871631,319.22,-152.78,26.56274978957701,4.805262713748833,-24.0,-50.84028225826675,-38.64,16.830317676649983,0.5,26.840282258266747,54.67292123507738,81.51320349334412
59,39.0,-0.3657797,-0.32840201,-0.59080881,-718.75,-505.75,31.01545320108641,5.600981623232778,319.22,-152.78,26.859382472140837,4.8504500857195865,-24.0,-51.16980260623699,-38.64,16.830317676649983,0.5,27.169802606236992,55.01545320108641,82.1852558073234
59,39.0,-0.36467448,-0.32972795,-0.59377581,-719.75,-506.5,31.494928579295404,5.658937299300694,319.22,-152.78,27.27460814966982,4.900639701194402,-29.0,-51.20746207457645,-46.690000000000005,16.830317676649983,0.5,22.207462074576448,60.494928579295404,82.70239065387184
59,40.0,-0.26085889,-0.19478998,-0.33534694,397.8200000000001,-187.28,33.08136892420272,5.941202473007644,397.8200000000001,-187.28,28.648465488359555,5.14508134162462,9.0,29.963379389605446,14.49,20.97436557272381,0.5,-20.963379389605446,24.08136892420272,3.1179895345972746
59,40.0,-0.2805346,-0.13775563,-0.27025282,469.9500000000001,-254.83,33.53646356867747,6.00388743324039,469.9500000000001,-254.83,29.04257745047469,5.199366517186178,18.0,35.3961342922555,28.98,24.77729400457885,0.5,-17.396134292255503,15.536463568677469,-1.8596707235780343
59,40.0,-0.29411098,-0.11054865,-0.2379138,473.73,-272.01,33.986723345303474,6.061440785738679,473.73,-272.01,29.432502417032808,5.249207720449695,20.0,35.68083987290179,32.2,24.976587911031253,0.5,-15.680839872901792,13.986723345303474,-1.694116527598318
59,42.0,-0.21495271,-0.18096469,-0.2376807,-452.33,-132.11,-27.746252414108596,3.9355508080462993,-452.33,-132.11,-24.02825459061804,3.4081869997680947,-11.0,-34.06901462797303,-17.71,-23.84831023958112,-0.5,23.069014627973033,-16.746252414108596,6.322762213864436
59,42.0,-0.21081705,-0.18475981,-0.22582218,-458.98,-129.33,-28.009136252635727,3.9823252473728825,-458.98,-129.33,-24.25591199478254,3.4486936642249173,-12.0,-34.56988555688781,-19.32,-24.198919889821468,-0.5,22.56988555688781,-16.009136252635727,6.560749304252084
59,42.0,-0.20835842,-0.18607815,-0.22261949,-514.06,-106.87,-28.27691262926735,4.029948381631881,-514.06,-106.87,-24.487806336945525,3.489935298493208,-14.0,-38.71845258916237,-22.540000000000003,-27.102916812413657,-0.5,24.718452589162368,-14.27691262926735,10.441539959895017
59,43.0,-0.15524839,-0.20456193,-0.29252532,-288.57,-64.5,-46.60511765534861,7.111799026660027,-288.57,-64.5,-40.360031889531896,6.158817957087585,-42.0,-21.73478555743413,-67.62,-15.214349890203888,-0.5,-20.26521444256587,-4.605117655348607,-24.870332097914478
59,43.0,-0.17114779,-0.21298192,-0.25471923,-376.15,-52.45999999999998,-47.242880134954255,7.207066684693284,-376.15,-52.45999999999998,-40.91233419687038,6.241319748944385,-15.0,-28.331218031773385,-24.15,-19.831852622241367,-0.5,13.331218031773385,-32.242880134954255,-18.91166210318087
59,43.0,-0.18114978,-0.23217739,-0.23055282,-424.5,-2.800000000000012,-47.75438715060926,7.293385358837952,-424.5,-2.800000000000012,-41.35529927242762,6.316071720753666,-15.0,-31.972888620198862,-24.15,-22.381022034139203,-0.5,16.972888620198862,-32.75438715060926,-15.7814985304104
59,49.0,-0.34038836,-0.13213605,-0.20243031,392.77,-188.59,7.696712277772471,3.403064041012752,392.77,-188.59,6.665352832550959,2.9470534595170434,13.0,29.583018759376927,20.93,20.70811313156385,0.5,-16.583018759376927,-5.303287722227529,-21.886306481604457
59,49.0,-0.35664657,-0.12414857,-0.18689643,416.25,-241.76,7.612603253894778,3.420155301045521,416.25,-241.76,6.592514417872878,2.961854490705421,13.0,31.351507392597828,20.93,21.94605517481848,0.5,-18.351507392597828,-5.387396746105222,-23.73890413870305
59,49.0,-0.35926828,-0.12553297,-0.18617424,333.66,-228.25,7.5020390689040655,3.43935546695234,333.66,-228.25,6.496765833670921,2.9784818343807262,13.0,25.13091641228634,20.93,17.591641488600438,0.5,-12.13091641228634,-5.4979609310959345,-17.628877343382275
59,51.0,-0.20389298,-0.19142425,-0.23084091,-267.13,-26.24000000000001,-72.63051492568798,37.32814473749365,-267.13,-26.24000000000001,-62.89802592564579,32.3261733426695,-15.0,-20.119947555038216,-24.15,-14.08396328852675,-0.5,5.119947555038216,-57.630514925687976,-52.51056737064976
59,51.0,-0.20431061,-0.19520657,-0.21798873,-283.21,-41.33000000000001,-74.67578854986073,38.112038864008085,-283.21,-41.33000000000001,-64.6692328841794,33.005025656231,-15.0,-21.331076056835148,-24.15,-14.931753239784602,-0.5,6.331076056835148,-59.67578854986073,-53.34471249302558
59,51.0,-0.20437938,-0.19976158,-0.21366039,-284.8,-53.85,-76.7950496223759,38.923272501435626,-284.8,-53.85,-66.50451297297752,33.707553986243255,-15.0,-21.45083316615462,-24.15,-15.015583216308231,-0.5,6.45083316615462,-61.7950496223759,-55.344216456221275
59,52.0,-0.22090702,-0.21846913,-0.22737263,-346.59,-124.05,-42.73112384752509,14.004824269119265,-346.59,-124.05,-37.00515325195673,12.128177817057283,-15.0,-26.104790263544697,-24.15,-18.273353184481287,-0.5,11.104790263544697,-27.73112384752509,-16.626333583980394
59,52.0,-0.219419,-0.22008117,-0.22121698,-362.68,-126.94,-43.66005835667029,14.29254065674709,-362.68,-126.94,-37.80961053687647,12.37734020874298,-15.0,-27.31667195470842,-24.15,-19.12167036829589,-0.5,12.316671954708418,-28.66005835667029,-16.343386401961872
59,52.0,-0.22538497,-0.21719804,-0.22919556,-318.68,-140.62,-44.87264692390033,14.641445484056955,-318.68,-140.62,-38.859712236097685,12.679491789193325,-15.0,-24.00263874083621,-24.15,-16.80184711858535,-0.5,9.002638740836211,-29.872646923900326,-20.870008183064115
59,55.0,-0.26349941,-0.16590936,-0.211602,346.5,-161.99,-14.053395269601186,4.878967982533586,346.5,-161.99,-12.170240303474626,4.225186272874087,18.0,26.098011559243595,28.98,18.268608091470515,-0.5,-8.098011559243595,-32.05339526960118,-40.151406828844785
59,55.0,-0.27309132,-0.16040924,-0.19826499,374.21,-195.12,-14.175515511368964,4.916037605869958,374.21,-195.12,-12.275996432845522,4.257288566683384,18.0,28.185099294616297,28.98,19.729569506231407,-0.5,-10.185099294616297,-32.175515511368964,-42.360614805985264
59,55.0,-0.27420509,-0.16134502,-0.19896697,391.94000000000005,-224.55,-14.210728189264197,4.949829668635249,391.94000000000005,-224.55,-12.306490611902792,4.286552493038126,18.0,29.52050404193344,28.98,20.664352829353405,-0.5,-11.520504041933439,-32.210728189264195,-43.73123223119764
59,56.0,-0.29448086,-0.11475708,-0.23091605,308.67999999999995,-71.81,38.47732325081031,10.969747369667324,308.67999999999995,-71.81,33.32136193520173,9.4998012221319,32.0,23.24944937404708,51.52,16.274614561832955,0.5,8.750550625952918,6.477323250810308,15.227873876763226
59,56.0,-0.30064338,-0.10541841,-0.21186477,283.75,-70.87,39.46830997634716,11.099386821351487,283.75,-70.87,34.17955643951664,9.612068987290389,32.0,21.37174828264176,51.52,14.960223797849231,0.5,10.62825171735824,7.468309976347157,18.096561693705397
59,56.0,-0.3014777,-0.09912156,-0.20469135,422.56,-182.92,40.44170019314262,11.224945264813911,422.56,-182.92,35.02251236726151,9.720802599328849,32.0,31.826769883041766,51.52,22.278738918129235,0.5,0.17323011695823354,8.441700193142623,8.614930310100856
59,57.0,-0.29674703,-0.1771694,-0.24528816,249.34000000000003,-171.55,12.414849540011538,4.031081632815751,308.05999999999995,-205.97,10.751259701649992,3.490916694018441,7.0,18.780023671520343,11.27,16.241926143314306,0.5,-11.780023671520343,5.414849540011538,-6.365174131508805
59,57.0,-0.31541502,-0.1657436,-0.21354596,308.05999999999995,-205.97,12.686940324795094,4.063453165426069,308.05999999999995,-205.97,10.98689032127255,3.5189504412589754,11.0,23.20275163330615,17.71,16.241926143314306,0.5,-12.20275163330615,1.6869403247950938,-10.515811308511056
59,57.0,-0.3235853,-0.16073975,-0.200844,308.86,-236.62,12.864445844563951,4.096302978059001,308.86,-236.62,11.14061010139238,3.547398378999094,11.0,23.263006782649285,17.71,16.2841047478545,0.5,-12.263006782649285,1.8644458445639511,-10.398560938085334
59,58.0,-0.30263612,-0.19761772,-0.31483704,197.24,-141.17,42.96354233071412,22.75768602619857,,,37.206427658398425,19.708156098687965,0.0,14.85590707054894,0.0,,0.5,-14.85590707054894,42.96354233071412,28.107635260165182
59,58.0,-0.34504232,-0.17449617,-0.25582179,193.52,-171.7,44.20334652323516,23.59608258499998,,,38.28009808912165,20.43420751860998,1.0,14.575720626103378,1.61,,0.5,-13.575720626103378,43.20334652323516,29.627625897131786
59,58.0,-0.37956056,-0.16394553,-0.22572425,196.54999999999995,-204.34,45.41063759850035,24.470154083808307,,,39.3256121603013,21.19115343657799,5.0,14.803937004240485,8.05,,0.5,-9.803937004240485,40.41063759850035,30.606700594259866
59,59.0,-0.27534992,-0.12161648,-0.25528833,329.54999999999995,-18.19999999999999,13.201042409052508,4.803553363239215,329.54999999999995,-18.19999999999999,11.432102726239473,4.15987721256516,20.0,24.821355582536007,32.2,17.374948907775202,0.5,-4.8213555825360075,-6.7989575909474915,-11.620313173483499
59,59.0,-0.29029515,-0.10945204,-0.2284964,341.79,-32.94999999999999,13.372374648145582,4.849052267023743,341.79,-32.94999999999999,11.580476445294074,4.199279263242562,25.0,25.74325936748591,40.25,18.020281557240136,0.5,-0.7432593674859085,-11.627625351854418,-12.370884719340326
59,59.0,-0.30032906,-0.10185485,-0.22121029,352.22,-64.85,13.464428346103348,4.895326366489972,352.22,-64.85,11.6601949477255,4.239352633380316,25.0,26.528835877046987,40.25,18.57018511393289,0.5,-1.528835877046987,-11.535571653896652,-13.064407530943638
59,61.0,-0.30455396,-0.16865204,-0.20222944,297.38,-178.06,5.714156416449893,3.203061368555052,297.38,-178.06,4.948459456645607,2.773851145168676,11.0,22.39834538957536,17.71,15.67884177270275,0.5,-11.398345389575361,-5.285843583550107,-16.68418897312547
59,61.0,-0.31144902,-0.16370407,-0.1871565,610.55,546.48,5.9238936900945545,3.2217361806554017,297.38,-178.06,5.130091935621884,2.790023532447578,11.0,45.98597678931075,17.71,15.67884177270275,0.5,-34.98597678931075,-5.0761063099054455,-40.062083099216196
59,61.0,-0.3112748,-0.16265821,-0.18933576,247.65,-133.06,6.085916293647471,3.235451385851502,297.38,-178.06,5.27040351029871,2.8019009001474005,13.0,18.65273466853297,20.93,15.67884177270275,0.5,-5.652734668532968,-6.914083706352529,-12.566818374885496
59,61.0,-0.32051712,-0.09892179,-0.19616105,382.58,-83.41000000000003,28.94002621608776,12.238319783112791,382.58,-83.41000000000003,25.062062703132,10.598384932175676,20.0,28.815518794618804,32.2,20.17086315623316,0.5,-8.815518794618804,8.940026216087759,0.12450742146895522
59,61.0,-0.3265231,-0.09462649,-0.18502827,357.94000000000005,-54.870000000000005,29.477646300096914,12.391496649216684,357.94000000000005,-54.870000000000005,25.52764169588393,10.73103609822165,20.0,26.95966019485037,32.2,18.871762136395255,0.5,-6.959660194850368,9.477646300096914,2.517986105246546
59,61.0,-0.32540888,-0.0946122,-0.18455736,374.5700000000001,-76.29000000000002,30.086382772008868,12.605992656259945,374.5700000000001,-76.29000000000002,26.05480748055968,10.916789640321111,20.0,28.212214111820703,32.2,19.74854987827449,0.5,-8.212214111820703,10.086382772008868,1.8741686601881646
59,63.0,-0.29285541,-0.22747,-0.2459517,-243.2,-121.42000000000002,-78.72025670251026,39.56489619790895,-254.68,-116.48000000000002,-68.17174230437388,34.26320010738915,-11.0,-18.31756540031181,-17.71,-13.427558755370018,-0.5,7.3175654003118105,-67.72025670251026,-60.40269130219845
59,63.0,-0.30393645,-0.23341721,-0.22549154,-254.68,-116.48000000000002,-80.95047554311657,40.58296901554695,-254.68,-116.48000000000002,-70.10311182033895,35.144851167463656,-11.0,-19.18222679338574,-17.71,-13.427558755370018,-0.5,8.182226793385741,-69.95047554311657,-61.76824874973083
59,63.0,-0.30749071,-0.23756531,-0.21442753,-236.52,-132.39999999999998,-83.21499806797573,42.22271993631461,-254.68,-116.48000000000002,-72.06418832686698,36.56487546484845,-12.0,-17.814434903296668,-19.32,-13.427558755370018,-0.5,5.814434903296668,-71.21499806797573,-65.40056316467906
59,64.0,-0.25963154,-0.22462131,-0.25323331,-144.28999999999996,-114.92000000000002,-31.97112306424724,8.527756862164933,,,-27.68699257363811,7.385037442634831,-10.0,-10.867769373400456,-16.1,,-0.5,0.8677693734004563,-21.97112306424724,-21.103353690846784
59,64.0,-0.2580421,-0.22916377,-0.2322441,-201.23,-97.26999999999998,-32.59520413728785,8.698743400264656,,,-28.22744678289128,7.533111784629192,-11.0,-15.156429627897804,-17.71,,-0.5,4.156429627897804,-21.59520413728785,-17.438774509390047
59,64.0,-0.25020248,-0.22945607,-0.22248888,-195.55,-102.63,-33.29467563367446,8.91360592553789,,,-28.83318909876208,7.7191827315158115,-14.0,-14.728618067561571,-22.540000000000003,,-0.5,0.7286180675615714,-19.29467563367446,-18.56605756611289
59,65.0,-0.32643685,-0.14761488,-0.20770115,178.52999999999997,-97.7,-22.08688352761132,7.68638309521212,,,-19.1272411349114,6.656407760453696,13.0,13.44668976528646,20.93,,-0.5,-0.4466897652864592,-35.08688352761132,-35.53357329289778
59,65.0,-0.33388132,-0.14445208,-0.20367114,188.77,-95.10000000000002,-22.409352006537887,7.766635286692187,,,-19.40649883766181,6.725906158275435,15.0,14.217955676878535,24.15,,-0.5,0.7820443231214647,-37.40935200653789,-36.62730768341642
59,65.0,-0.33843315,-0.14220467,-0.20042381,97.58000000000004,-60.81,-22.691099655001707,7.847810521835094,,,-19.65049230123148,6.796203911909192,18.0,7.349621841128402,28.98,,-0.5,10.650378158871598,-40.69109965500171,-30.04072149613011
59,66.0,-0.19922197,-0.1942918,-0.19720805,-284.57,-73.51999999999998,25.98455510544318,9.50429336326368,-284.57,-73.51999999999998,22.502624721313797,8.230718052586347,-15.0,-21.433509810718476,-24.15,-15.00345686750293,0.5,6.433509810718476,40.98455510544318,47.418064916161654
59,66.0,-0.19996405,-0.19181584,-0.19896014,-407.31,-64.51999999999998,26.474519720952728,9.665236222332306,-407.31,-64.51999999999998,22.926934078345063,8.370094568539777,-15.0,-30.678156098688337,-24.15,-21.474709269081835,0.5,15.678156098688337,41.47451972095273,57.15267581964106
59,66.0,-0.20325181,-0.1908434,-0.20033027,-342.51,-94.26999999999998,26.9819227314504,9.830118118129034,-342.51,-94.26999999999998,23.36634508543604,8.512882290299745,-15.0,-25.79748900189473,-24.15,-18.05824230132631,0.5,10.797489001894728,41.981922731450396,52.77941173334513
59,68.0,-0.27778542,-0.11443681,-0.18863882,257.39,-75.97000000000003,-40.37886019628024,10.667810881399694,257.39,-75.97000000000003,-34.96809292997869,9.238324223292135,20.0,19.386341111785597,32.2,13.570438778249915,-0.5,0.6136588882144025,-60.37886019628024,-59.76520130806584
59,68.0,-0.30420747,-0.10601073,-0.17883793,179.45000000000005,-111.86,-41.27198022816009,10.872676928119589,257.39,-75.97000000000003,-35.74153487758664,9.415738219751562,20.0,13.515983187031066,32.2,13.570438778249915,-0.5,6.4840168129689335,-61.27198022816009,-54.78796341519116
59,68.0,-0.32052219,-0.10207754,-0.17426127,316.57000000000005,-116.58999999999996,-42.17475629069651,11.077799887065716,316.57000000000005,-116.58999999999996,-36.52333894774318,9.593374702198911,20.0,23.84371578444371,32.2,16.690601049110597,-0.5,-3.8437157844437095,-62.17475629069651,-66.01847207514021
59,69.0,-0.31633407,-0.15489615,-0.19861369,216.29,-78.28999999999999,53.53497736430967,15.50451718078179,,,46.36129039749217,13.426911878557029,15.0,16.290732814282244,24.15,,0.5,-1.2907328142822436,38.53497736430967,37.244244550027425
59,69.0,-0.32482949,-0.15237477,-0.18756916,232.99,-75.31,54.90340607261292,15.829800678240517,,,47.54634965888278,13.708607387356288,15.0,17.548559056820103,24.15,,0.5,-2.5485590568201033,39.90340607261292,37.354847015792814
59,69.0,-0.32302663,-0.1511016,-0.18965769,0.0,0.0,56.82362384739857,16.254198719526006,,,49.20925825184716,14.076136091109522,18.0,0.0,28.98,,0.5,18.0,38.82362384739857,56.82362384739857
59,70.0,-0.23964477,-0.16506441,-0.34803122,-272.11,-72.75,31.641101499287323,10.464166358192283,-272.11,-72.75,27.40119389838282,9.061968066194517,0.0,-20.495035859699207,0.0,-14.346525101789444,0.5,20.495035859699207,31.641101499287323,52.13613735898653
59,70.0,-0.24715038,-0.17937709,-0.26766834,-255.86,-74.63999999999999,32.30848137824101,10.620913258734586,-255.86,-74.63999999999999,27.97914487355672,9.19771088206415,-8.0,-19.27110313866686,-12.88,-13.4897721970668,0.5,11.27110313866686,40.30848137824101,51.57958451690787
59,70.0,-0.25395635,-0.19279326,-0.22666782,-219.62,-91.92000000000002,33.04606852598996,10.77884558104734,-255.86,-74.63999999999999,28.617895343507303,9.334480273186994,-8.0,-16.541544873423025,-12.88,-13.4897721970668,0.5,8.541544873423025,41.04606852598996,49.58761339941299
59,71.0,-0.17100824,-0.13448329,-0.20952681,-276.26,-31.410000000000025,-26.891618270247424,7.36989794947983,-276.26,-31.410000000000025,-23.28814142203427,6.382331624249533,-11.0,-20.807609446916697,-17.71,-14.565326612841687,-0.5,9.807609446916697,-15.891618270247424,-6.084008823330727
59,71.0,-0.17047727,-0.13671812,-0.20666146,-274.2,-25.569999999999997,-27.334186469841505,7.441105622566939,-274.2,-25.569999999999997,-23.671405482882744,6.443997469142968,-12.0,-20.652452437358136,-19.32,-14.456716706150694,-0.5,8.652452437358136,-15.334186469841505,-6.681734032483369
59,71.0,-0.17001298,-0.13783549,-0.20696887,-263.47,-33.389999999999986,-27.81122433598286,7.512514093143125,-263.47,-33.389999999999986,-24.08452027496116,6.505837204661946,-14.0,-19.8442802467934,-22.540000000000003,-13.890996172755376,-0.5,5.844280246793399,-13.81122433598286,-7.966944089189461
