Training Step,Actor Loss,Critic Loss
0,0.0,0.0
1,0.0,0.0
2,0.0,0.0
3,0.0,0.0
4,0.0,0.0
5,0.0,0.0
6,0.0,0.0
7,0.0,0.0
8,0.0,0.0
9,0.0,0.0
10,0.0,0.0
11,0.0,0.0
12,0.0,0.0
13,0.0,0.0
14,0.0,0.0
15,0.0,0.0
16,0.0,0.0
17,0.0,0.0
18,0.0,0.0
19,0.0,0.0
20,0.0,0.0
21,0.0,0.0
22,0.0,0.0
23,0.0,0.0
24,0.0,0.0
25,0.0,0.0
26,0.0,0.0
27,0.0,0.0
28,0.0,0.0
29,0.0,0.0
30,0.0,0.0
31,0.0,0.0
32,0.0,0.0
33,0.0,0.0
34,0.0,0.0
35,0.0,0.0
36,0.0,0.0
37,0.0,0.0
38,0.0,0.0
39,0.0,0.0
40,0.0,0.0
41,0.0,0.0
42,0.0,0.0
43,0.0,0.0
44,0.0,0.0
45,0.0,0.0
46,0.0,0.0
47,0.0,0.0
48,0.0,0.0
49,0.0,0.0
50,0.0,0.0
51,0.0,0.0
52,0.0,0.0
53,0.0,0.0
54,0.0,0.0
55,0.0,0.0
56,0.0,0.0
57,0.0,0.0
58,0.0,0.0
59,0.0,0.0
60,0.0,0.0
61,0.0,0.0
62,0.0,0.0
63,0.0,0.0
64,0.0,0.0
65,0.0,0.0
66,0.0,0.0
67,0.0,0.0
68,0.0,0.0
69,0.0,0.0
70,0.0,0.0
71,0.0,0.0
72,0.0,0.0
73,0.0,0.0
74,0.0,0.0
75,0.0,0.0
76,0.0,0.0
77,0.0,0.0
78,0.0,0.0
79,0.0,0.0
80,0.0,0.0
81,0.0,0.0
82,0.0,0.0
83,0.0,0.0
84,0.0,0.0
85,0.0,0.0
86,0.0,0.0
87,0.0,0.0
88,0.0,0.0
89,0.0,0.0
90,0.0,0.0
91,0.0,0.0
92,0.0,0.0
93,0.0,0.0
94,0.0,0.0
95,0.0,0.0
96,0.0,0.0
97,0.0,0.0
98,0.0,0.0
99,0.0,0.0
100,0.0,0.0
101,0.0,0.0
102,0.0,0.0
103,0.0,0.0
104,0.0,0.0
105,0.0,0.0
106,0.0,0.0
107,0.0,0.0
108,0.0,0.0
109,0.0,0.0
110,0.0,0.0
111,0.0,0.0
112,0.0,0.0
113,0.0,0.0
114,0.0,0.0
115,0.0,0.0
116,0.0,0.0
117,0.0,0.0
118,0.0,0.0
119,0.0,0.0
120,0.0,0.0
121,0.0,0.0
122,0.0,0.0
123,0.0,0.0
124,0.0,0.0
125,0.0,0.0
126,0.0,0.0
127,0.0,0.0
128,0.0,0.0
129,0.0,0.0
130,0.0,0.0
131,0.0,0.0
132,0.0,0.0
133,0.0,0.0
134,0.0,0.0
135,0.0,0.0
136,0.0,0.0
137,0.0,0.0
138,0.0,0.0
139,0.0,0.0
140,0.0,0.0
141,0.0,0.0
142,0.0,0.0
143,0.0,0.0
144,0.0,0.0
145,0.0,0.0
146,0.0,0.0
147,0.0,0.0
148,0.0,0.0
149,0.0,0.0
150,0.0,0.0
151,0.0,0.0
152,0.0,0.0
153,0.0,0.0
154,0.0,0.0
155,0.0,0.0
156,0.0,0.0
157,0.0,0.0
158,0.0,0.0
159,0.0,0.0
160,0.0,0.0
161,0.0,0.0
162,0.0,0.0
163,0.0,0.0
164,0.0,0.0
165,0.0,0.0
166,0.0,0.0
167,0.0,0.0
168,0.0,0.0
169,0.0,0.0
170,0.0,0.0
171,0.0,0.0
172,0.0,0.0
173,0.0,0.0
174,0.0,0.0
175,0.0,0.0
176,0.0,0.0
177,0.0,0.0
178,0.0,0.0
179,0.0,0.0
180,0.0,0.0
181,0.0,0.0
182,0.0,0.0
183,0.0,0.0
184,0.0,0.0
185,0.0,0.0
186,0.0,0.0
187,0.0,0.0
188,0.0,0.0
189,0.0,0.0
190,0.0,0.0
191,0.0,0.0
192,0.0,0.0
193,0.0,0.0
194,0.0,0.0
195,0.0,0.0
196,0.0,0.0
197,0.0,0.0
198,0.0,0.0
199,0.0,0.0
200,0.0,0.0
201,0.0,0.0
202,0.0,0.0
203,0.0,0.0
204,0.0,0.0
205,0.0,0.0
206,0.0,0.0
207,0.0,0.0
208,0.0,0.0
209,0.0,0.0
210,0.0,0.0
211,0.0,0.0
212,0.0,0.0
213,0.0,0.0
214,0.0,0.0
215,0.0,0.0
216,0.0,0.0
217,0.0,0.0
218,0.0,0.0
219,0.0,0.0
220,0.0,0.0
221,0.0,0.0
222,0.0,0.0
223,0.0,0.0
224,0.0,0.0
225,0.0,0.0
226,0.0,0.0
227,0.0,0.0
228,0.0,0.0
229,0.0,0.0
230,0.0,0.0
231,0.0,0.0
232,0.0,0.0
233,0.0,0.0
234,0.0,0.0
235,0.0,0.0
236,0.0,0.0
237,0.0,0.0
238,0.0,0.0
239,0.0,0.0
240,0.0,0.0
241,0.0,0.0
242,0.0,0.0
243,0.0,0.0
244,0.0,0.0
245,0.0,0.0
246,0.0,0.0
247,0.0,0.0
248,0.0,0.0
249,0.0,0.0
250,0.354458212852478,96.94847869873047
251,0.155013769865036,62.39362716674805
252,0.16065582633018494,92.58480834960938
253,0.03623145818710327,71.46267700195312
254,0.019754335284233093,94.05806732177734
255,0.0665149837732315,85.43740844726562
256,0.06859737634658813,75.31416320800781
257,0.12082000076770782,111.01213836669922
258,0.1420801430940628,94.90608215332031
259,0.23048315942287445,94.63164520263672
260,0.2223753035068512,77.415771484375
261,0.1891893893480301,81.35729217529297
262,0.26179808378219604,87.97017669677734
263,0.27170276641845703,92.02389526367188
264,0.2987756133079529,118.4841537475586
265,0.18244558572769165,82.40199279785156
266,0.3133554458618164,76.39041137695312
267,0.721169114112854,54.357200622558594
268,0.6903963088989258,62.30751419067383
269,0.6725873947143555,87.45498657226562
270,1.427939534187317,48.52565383911133
271,0.3932499289512634,35.410240173339844
272,0.9074068665504456,31.360897064208984
273,0.78965163230896,31.48672103881836
274,1.2836593389511108,49.960594177246094
275,1.5473681688308716,30.465896606445312
276,2.445044755935669,40.64396667480469
277,3.777646780014038,61.25303649902344
278,5.322047233581543,53.38758850097656
279,4.227379322052002,70.53439331054688
280,6.190773963928223,58.506919860839844
281,5.44591760635376,65.83555603027344
282,4.754613399505615,43.063011169433594
283,3.7772297859191895,41.710914611816406
284,3.6885132789611816,42.63096618652344
285,1.277956247329712,56.72755432128906
286,1.3491077423095703,53.85322570800781
287,5.106283187866211,47.63382339477539
288,0.659612774848938,35.931785583496094
289,1.3032596111297607,27.746129989624023
290,4.146883964538574,79.15339660644531
291,0.8480954170227051,29.657817840576172
292,1.2230799198150635,40.564598083496094
293,1.5569936037063599,32.07291030883789
294,2.148350238800049,31.981258392333984
295,0.49706530570983887,51.32238006591797
296,0.7387751340866089,64.91007995605469
297,1.0872628688812256,27.035831451416016
298,1.1453977823257446,27.81027603149414
299,2.6604392528533936,32.85600280761719
300,1.9908838272094727,34.05683517456055
301,3.111478805541992,26.736549377441406
302,2.2634384632110596,25.30562973022461
303,2.019740581512451,23.684688568115234
304,2.841735601425171,36.5030517578125
305,1.8574576377868652,23.29141616821289
306,2.985124111175537,37.33538055419922
307,1.0920062065124512,21.050289154052734
308,3.00779390335083,24.979978561401367
309,3.482668399810791,27.575651168823242
310,1.9216138124465942,32.490966796875
311,2.7505943775177,21.994409561157227
312,6.266753196716309,30.19671630859375
313,2.6707983016967773,44.38872146606445
314,0.9459125995635986,33.8018913269043
315,4.566506862640381,22.93975830078125
316,1.5296893119812012,29.319583892822266
317,5.352931022644043,32.21973419189453
318,1.4813311100006104,28.8729305267334
319,0.6655088663101196,38.45075988769531
320,1.7452410459518433,19.558725357055664
321,0.5913025140762329,27.540180206298828
322,4.086322784423828,21.291152954101562
323,2.4688878059387207,46.97746276855469
324,5.382332801818848,33.30060577392578
325,1.1556739807128906,20.583309173583984
326,4.591758728027344,13.983901977539062
327,3.9131970405578613,25.07335090637207
328,7.0745697021484375,15.632408142089844
329,7.671633720397949,22.672983169555664
330,3.6904616355895996,15.432759284973145
331,4.527225017547607,35.85784912109375
332,4.487025260925293,23.789152145385742
333,5.340342044830322,25.339731216430664
334,6.154786109924316,24.029354095458984
335,1.879262089729309,16.61919403076172
336,1.8691270351409912,20.479692459106445
337,9.23932933807373,37.79482650756836
338,1.8567029237747192,17.96390724182129
339,11.175409317016602,20.188791275024414
340,8.1952486038208,32.17695236206055
341,8.150859832763672,29.224178314208984
342,1.4418160915374756,24.58202362060547
343,4.863794326782227,20.626724243164062
344,15.455720901489258,29.270904541015625
345,1.3854906558990479,18.051864624023438
346,10.407757759094238,24.91141128540039
347,5.4647393226623535,30.57611846923828
348,16.53458023071289,27.80414581298828
349,3.614192485809326,31.211679458618164
350,5.152052402496338,36.34609603881836
351,12.780163764953613,20.68661117553711
352,9.808133125305176,32.73583984375
353,6.785139083862305,22.32729148864746
354,8.091249465942383,19.43804359436035
355,9.81263542175293,29.251283645629883
356,20.73630142211914,32.349239349365234
357,2.80527400970459,21.94676971435547
358,1.445633888244629,15.826958656311035
359,8.836267471313477,27.092662811279297
360,7.783596038818359,30.832355499267578
361,14.37749195098877,19.457103729248047
362,4.028867721557617,17.895824432373047
363,13.118241310119629,26.205215454101562
364,1.1382924318313599,23.81786346435547
365,15.289745330810547,25.561847686767578
366,4.8835649490356445,26.309036254882812
367,9.812407493591309,22.937915802001953
368,3.5043396949768066,19.120967864990234
369,3.4974160194396973,15.14732837677002
370,11.31686782836914,15.256735801696777
371,15.334630966186523,13.690616607666016
372,3.220107316970825,17.001489639282227
373,15.168645858764648,23.27915382385254
374,1.877213716506958,18.079208374023438
375,11.306933403015137,24.998130798339844
376,5.615001678466797,11.062360763549805
377,12.498241424560547,20.876312255859375
378,16.7159423828125,23.468021392822266
379,14.641456604003906,15.44662094116211
380,15.25687026977539,21.118648529052734
381,2.3406176567077637,19.945735931396484
382,24.335716247558594,19.403789520263672
383,3.182140588760376,13.83430290222168
384,2.7634809017181396,21.35430335998535
385,5.555027008056641,17.54934310913086
386,26.06069564819336,16.554636001586914
387,8.860627174377441,13.039446830749512
388,40.99884796142578,29.473848342895508
389,10.781573295593262,16.03803253173828
390,31.249725341796875,17.51106834411621
391,5.605371475219727,13.462057113647461
392,12.032886505126953,12.742036819458008
393,18.007144927978516,21.82313346862793
394,21.5562801361084,11.451303482055664
395,14.986501693725586,10.961915969848633
396,27.923189163208008,19.740711212158203
397,20.788616180419922,15.253015518188477
398,15.781469345092773,15.339179992675781
399,3.522754669189453,9.437128067016602
400,3.9338722229003906,15.22855281829834
401,37.7686653137207,19.591228485107422
402,12.445642471313477,13.544198036193848
403,4.925191402435303,26.64551544189453
404,3.1153035163879395,13.265120506286621
405,47.394683837890625,14.422385215759277
406,8.873208045959473,19.069400787353516
407,31.399700164794922,8.846885681152344
408,2.649646759033203,20.173992156982422
409,17.24714469909668,14.711044311523438
410,22.645809173583984,10.669981002807617
411,22.28189468383789,14.875822067260742
412,28.39163589477539,30.50191879272461
413,36.55099105834961,19.64997673034668
414,28.139068603515625,12.247520446777344
415,9.24639892578125,7.962491512298584
416,55.84652328491211,16.1604061126709
417,72.35511016845703,20.971086502075195
418,35.07250213623047,13.851076126098633
419,20.76959228515625,14.227298736572266
420,12.196200370788574,27.330596923828125
421,22.798744201660156,15.113035202026367
422,12.214612007141113,21.505084991455078
423,38.88607406616211,15.941671371459961
424,38.6100959777832,18.931228637695312
425,41.08530807495117,21.48194122314453
426,5.314944267272949,17.842117309570312
427,20.027624130249023,10.26391315460205
428,11.389423370361328,11.832086563110352
429,14.39676570892334,13.455007553100586
430,24.855220794677734,13.056440353393555
431,14.385004997253418,15.512130737304688
432,6.158724308013916,9.75223159790039
433,16.469518661499023,15.937335014343262
434,32.69072723388672,16.141260147094727
435,5.658068656921387,21.40188217163086
436,43.716224670410156,14.922586441040039
437,10.619219779968262,22.528663635253906
438,36.16476058959961,40.10195541381836
439,7.869440078735352,19.595149993896484
440,42.69538879394531,30.41312599182129
441,11.746590614318848,21.146360397338867
442,5.29119873046875,15.67219066619873
443,5.2234673500061035,9.283823013305664
444,19.309505462646484,6.26571798324585
445,20.4801025390625,25.56058692932129
446,10.690766334533691,26.08732032775879
447,33.50653839111328,20.49859046936035
448,22.029067993164062,13.480531692504883
449,13.704562187194824,27.359130859375
450,37.06979751586914,9.232413291931152
451,17.61456871032715,18.376752853393555
452,4.856173515319824,14.725808143615723
453,44.42707824707031,17.247825622558594
454,22.889564514160156,21.14471435546875
455,2.8899714946746826,10.291086196899414
456,15.742931365966797,32.723995208740234
457,12.706680297851562,12.612189292907715
458,32.408199310302734,17.258298873901367
459,18.975093841552734,16.486827850341797
460,8.584736824035645,8.730501174926758
461,20.56609535217285,27.10653305053711
462,27.892847061157227,22.21255874633789
463,23.058740615844727,11.886300086975098
464,31.943710327148438,33.94683837890625
465,51.686683654785156,18.724733352661133
466,36.0134162902832,10.068321228027344
467,56.190345764160156,33.167423248291016
468,2.8885254859924316,27.438142776489258
469,9.7391357421875,14.015149116516113
470,14.09492301940918,14.136558532714844
471,24.58275032043457,29.400211334228516
472,11.514974594116211,36.046417236328125
473,67.73504638671875,20.461692810058594
474,56.359222412109375,38.53884506225586
475,15.584012985229492,24.489665985107422
476,15.829837799072266,18.92009735107422
477,13.13888168334961,22.58066177368164
478,19.55594825744629,13.15429973602295
479,32.63664627075195,37.147972106933594
480,3.9418787956237793,14.918960571289062
481,6.706435203552246,8.15700912475586
482,35.004920959472656,31.841779708862305
483,27.19940185546875,17.177879333496094
484,48.777374267578125,21.144004821777344
485,24.783952713012695,14.816187858581543
486,30.954025268554688,23.159936904907227
487,2.4200220108032227,20.963375091552734
488,7.925395965576172,21.59480094909668
489,27.107250213623047,13.677430152893066
490,41.34165954589844,18.04058265686035
491,6.759732723236084,15.483159065246582
492,35.003265380859375,22.105300903320312
493,62.201805114746094,17.047473907470703
494,46.29578399658203,18.004772186279297
495,1.9569594860076904,10.783937454223633
496,43.93624496459961,27.53449058532715
497,10.272297859191895,16.34124755859375
498,18.260984420776367,13.580421447753906
499,13.634610176086426,11.524700164794922
500,6.07867956161499,11.47123908996582
501,45.259761810302734,17.889142990112305
502,8.949993133544922,10.748237609863281
503,8.552742004394531,16.93457794189453
504,33.31646728515625,22.178466796875
505,6.642784118652344,8.994918823242188
506,20.99720001220703,13.61650562286377
507,26.910409927368164,9.138004302978516
508,11.139749526977539,27.803226470947266
509,7.062679290771484,9.828465461730957
510,11.439943313598633,30.824970245361328
511,24.607694625854492,11.476969718933105
512,12.620553970336914,15.157090187072754
513,13.262039184570312,18.223600387573242
514,28.487789154052734,14.727840423583984
515,3.7818851470947266,12.092730522155762
516,9.256895065307617,22.280963897705078
517,21.163360595703125,15.526151657104492
518,17.659656524658203,20.274118423461914
519,18.400066375732422,17.574859619140625
520,16.739927291870117,19.266944885253906
521,2.17600154876709,18.18963050842285
522,22.983997344970703,16.684614181518555
523,40.463619232177734,8.601140975952148
524,17.92007827758789,17.00060272216797
525,3.604708194732666,13.238497734069824
526,13.17402172088623,14.714353561401367
527,11.177879333496094,15.066190719604492
528,3.379627227783203,16.971145629882812
529,9.84646987915039,16.778934478759766
530,8.234210968017578,26.3970947265625
531,48.41386413574219,27.23208999633789
532,31.007835388183594,25.266681671142578
533,7.358939170837402,17.87471580505371
534,23.135595321655273,12.708930969238281
535,14.057952880859375,24.462764739990234
536,25.126819610595703,44.1905403137207
537,54.75454330444336,36.73162841796875
538,9.05472469329834,11.91786003112793
539,8.327465057373047,9.395809173583984
540,50.47884750366211,27.697948455810547
541,16.995817184448242,16.804658889770508
542,25.63431167602539,28.64622688293457
543,8.496227264404297,7.977743148803711
544,40.584381103515625,19.86083221435547
545,26.504610061645508,9.169269561767578
546,24.963245391845703,16.09163475036621
547,25.679601669311523,12.362167358398438
548,13.975733757019043,18.305011749267578
549,28.214731216430664,10.529519081115723
550,10.386014938354492,13.764335632324219
551,10.155693054199219,17.20798110961914
552,21.867008209228516,17.278255462646484
553,22.12272071838379,9.387117385864258
554,39.71746826171875,12.957306861877441
555,3.746976137161255,10.575334548950195
556,14.444295883178711,13.024774551391602
557,16.300750732421875,32.33147430419922
558,16.993337631225586,12.30546760559082
559,15.06174087524414,11.907211303710938
560,16.640531539916992,20.43902015686035
561,15.22785758972168,22.39076805114746
562,14.456048965454102,15.309975624084473
563,14.171976089477539,10.915338516235352
564,3.903393268585205,13.515819549560547
565,15.82060432434082,22.58141326904297
566,27.09127426147461,32.487510681152344
567,13.389974594116211,11.622573852539062
568,15.21896743774414,14.55162239074707
569,15.775096893310547,10.581367492675781
570,4.522098541259766,10.420021057128906
571,10.540761947631836,19.06606101989746
572,22.312732696533203,10.24661636352539
573,21.084598541259766,15.968435287475586
574,3.365689277648926,17.414697647094727
575,9.393080711364746,9.969917297363281
576,17.329036712646484,12.718339920043945
577,3.519521713256836,23.863086700439453
578,37.599822998046875,29.00887680053711
579,42.51343536376953,20.50897979736328
580,7.699193954467773,15.015840530395508
581,13.079550743103027,15.51008129119873
582,29.644826889038086,20.046558380126953
583,27.654287338256836,25.516910552978516
584,8.312644958496094,20.015823364257812
585,12.249759674072266,28.34090805053711
586,25.769744873046875,12.886053085327148
587,37.825008392333984,18.0435791015625
588,21.394454956054688,14.152807235717773
589,17.392417907714844,11.210142135620117
590,7.552596092224121,15.741846084594727
591,7.988988399505615,13.013994216918945
592,12.874700546264648,19.097469329833984
593,21.76372528076172,15.667411804199219
594,12.152020454406738,17.684377670288086
595,26.310550689697266,20.60045051574707
596,4.6575117111206055,15.621862411499023
597,14.33681583404541,12.163110733032227
598,13.183242797851562,13.688936233520508
599,36.35184860229492,17.264253616333008
600,14.644758224487305,13.913537979125977
601,27.703493118286133,12.377010345458984
602,34.623870849609375,18.718292236328125
603,6.677356719970703,22.228012084960938
604,3.396620273590088,13.168262481689453
605,29.26477813720703,12.465965270996094
606,23.236833572387695,12.885795593261719
607,11.6129732131958,8.96464729309082
608,18.74945640563965,8.416681289672852
609,7.821926593780518,18.924287796020508
610,16.127246856689453,13.217195510864258
611,15.424654960632324,19.29910659790039
612,23.30260467529297,17.373004913330078
613,9.110450744628906,15.416342735290527
614,8.22412109375,11.084758758544922
615,4.840226173400879,8.116315841674805
616,15.909863471984863,13.044072151184082
617,6.280549049377441,16.784500122070312
618,32.98650360107422,10.203044891357422
619,14.683696746826172,12.778495788574219
620,26.553123474121094,18.781368255615234
621,15.548967361450195,8.983270645141602
622,12.704858779907227,10.488970756530762
623,20.905838012695312,11.391007423400879
624,9.872386932373047,12.008955001831055
625,44.62669372558594,28.286624908447266
626,22.178863525390625,13.81869125366211
627,13.793806076049805,15.10546588897705
628,3.0787363052368164,13.52056884765625
629,19.000957489013672,9.530864715576172
630,9.361953735351562,13.857606887817383
631,24.291915893554688,17.095008850097656
632,4.16323184967041,10.822235107421875
633,23.72896385192871,16.96681022644043
634,2.625764846801758,10.380311965942383
635,19.367944717407227,14.587226867675781
636,30.418636322021484,11.047414779663086
637,28.176368713378906,9.205249786376953
638,15.911897659301758,11.363508224487305
639,13.015945434570312,12.672966957092285
640,30.056650161743164,9.410238265991211
641,24.977428436279297,20.855091094970703
642,9.159978866577148,13.354193687438965
643,11.669777870178223,13.327011108398438
644,28.908206939697266,14.389211654663086
645,8.786223411560059,9.670220375061035
646,15.984321594238281,12.972343444824219
647,37.813385009765625,13.93235969543457
648,9.657691955566406,10.249938011169434
649,3.764383316040039,8.791361808776855
650,13.936820030212402,9.220379829406738
651,3.4100377559661865,10.403362274169922
652,3.600708484649658,13.269089698791504
653,10.704935073852539,10.153614044189453
654,18.373973846435547,18.82443618774414
655,9.243427276611328,12.531930923461914
656,30.011320114135742,12.374306678771973
657,1.7490437030792236,8.893584251403809
658,8.573155403137207,5.634023666381836
659,15.033768653869629,7.132343292236328
660,8.247417449951172,14.766100883483887
661,37.06816864013672,21.899274826049805
662,19.524545669555664,14.187898635864258
663,15.91079330444336,18.480974197387695
664,8.082578659057617,11.726198196411133
665,4.1139068603515625,10.712743759155273
666,26.451961517333984,10.565710067749023
667,21.816078186035156,15.743875503540039
668,6.441258430480957,10.344202995300293
669,7.2126970291137695,18.041217803955078
670,10.648931503295898,4.866217613220215
671,8.014541625976562,11.665803909301758
672,4.338375091552734,7.259066104888916
673,13.958747863769531,7.732499599456787
674,2.181759834289551,9.456023216247559
675,26.425270080566406,16.732324600219727
676,15.8336181640625,5.3017401695251465
677,39.64707946777344,10.823203086853027
678,9.097179412841797,11.138604164123535
679,12.087369918823242,15.005472183227539
680,36.620086669921875,14.287666320800781
681,21.205368041992188,11.871623992919922
682,18.82518768310547,7.497476577758789
683,2.9736409187316895,16.006792068481445
684,6.863086700439453,6.818822860717773
685,7.258967399597168,8.464620590209961
686,15.707348823547363,11.340131759643555
687,12.989530563354492,10.739021301269531
688,23.872350692749023,13.41094970703125
689,5.1267523765563965,7.298369884490967
690,8.684828758239746,11.448223114013672
691,10.023021697998047,6.7396931648254395
692,26.392120361328125,11.672029495239258
693,19.54833221435547,8.706509590148926
694,32.960548400878906,5.420955181121826
695,17.870601654052734,10.644975662231445
696,10.235033988952637,12.349653244018555
697,7.728888511657715,7.699582099914551
698,11.595220565795898,8.083221435546875
699,3.028945207595825,12.291610717773438
700,23.665985107421875,8.915914535522461
701,10.837447166442871,14.497894287109375
702,19.01878547668457,11.666089057922363
703,30.623918533325195,7.762271881103516
704,7.553719997406006,6.170620918273926
705,6.107522010803223,10.868158340454102
706,5.762627124786377,8.184802055358887
707,16.49944305419922,9.083536148071289
708,14.349210739135742,7.493501663208008
709,11.74324893951416,8.742713928222656
710,50.58019256591797,11.386007308959961
711,13.30960464477539,9.541695594787598
712,6.858309745788574,4.848876953125
713,6.27177619934082,4.83190393447876
714,16.996047973632812,8.346125602722168
715,3.8819174766540527,9.600299835205078
716,9.513833999633789,10.177837371826172
717,9.585660934448242,9.653046607971191
718,7.605001449584961,22.744216918945312
719,26.3237247467041,12.445611953735352
720,25.668357849121094,13.218160629272461
721,22.68265151977539,6.878192901611328
722,8.522978782653809,7.781702041625977
723,19.375904083251953,7.392230033874512
724,21.967235565185547,7.518373012542725
725,25.27067756652832,16.626914978027344
726,5.441990852355957,6.598416328430176
727,12.850318908691406,10.372201919555664
728,14.468303680419922,4.815407752990723
729,29.957324981689453,5.277438163757324
730,5.2811689376831055,8.389842987060547
731,12.002659797668457,8.939140319824219
732,21.145771026611328,4.6639556884765625
733,29.698877334594727,13.81109619140625
734,9.902261734008789,10.653497695922852
735,17.890905380249023,9.52094841003418
736,34.601341247558594,7.6945953369140625
737,21.597896575927734,6.167491436004639
738,5.698611259460449,7.635988235473633
739,2.5773067474365234,6.054083347320557
740,21.43357276916504,7.139667510986328
741,13.982156753540039,6.288102149963379
742,2.326551914215088,14.086739540100098
743,10.675680160522461,9.145085334777832
744,11.854940414428711,23.001964569091797
745,18.70284652709961,6.324167251586914
746,23.74671173095703,7.638700485229492
747,6.128975868225098,11.594545364379883
748,9.247628211975098,8.174063682556152
749,19.127582550048828,10.366121292114258
750,22.897911071777344,10.227848052978516
751,4.054267883300781,11.477296829223633
752,6.88372802734375,7.711326599121094
753,36.57872772216797,11.227837562561035
754,25.125864028930664,8.437776565551758
755,19.392452239990234,12.540691375732422
756,13.842475891113281,11.615472793579102
757,7.814635276794434,11.638456344604492
758,27.65971565246582,16.66033935546875
759,31.19879913330078,5.194870948791504
760,29.278526306152344,10.341976165771484
761,6.799846649169922,3.663602590560913
762,12.28153133392334,15.0001859664917
763,14.64799690246582,22.62863540649414
764,15.25078296661377,8.23405647277832
765,13.731083869934082,10.145710945129395
766,5.86358118057251,11.891151428222656
767,8.729696273803711,15.775775909423828
768,6.486790657043457,12.981443405151367
769,6.029144287109375,6.409212112426758
770,11.237939834594727,6.9429850578308105
771,25.021516799926758,16.023529052734375
772,16.77362060546875,12.606756210327148
773,15.254996299743652,8.222757339477539
774,12.805777549743652,5.483552932739258
775,9.419529914855957,11.80352783203125
776,51.6528205871582,25.00535774230957
777,33.41667556762695,14.248298645019531
778,22.921825408935547,13.746618270874023
779,5.038394451141357,5.598045825958252
780,28.857337951660156,14.823575019836426
781,51.53367233276367,16.655406951904297
782,19.168848037719727,14.615675926208496
783,5.347633361816406,6.406920433044434
784,50.25481033325195,12.05074691772461
785,12.068031311035156,7.361239433288574
786,25.038291931152344,11.766854286193848
787,8.320806503295898,11.178998947143555
788,24.93454360961914,17.626726150512695
789,9.388357162475586,7.4822564125061035
790,35.586761474609375,9.328034400939941
791,5.414260387420654,6.0345964431762695
792,27.58869171142578,10.809282302856445
793,43.19866943359375,20.299243927001953
794,18.17706298828125,10.480968475341797
795,25.201932907104492,10.938614845275879
796,32.51051330566406,11.881696701049805
797,10.155075073242188,9.661041259765625
798,9.411739349365234,12.974626541137695
799,4.209339141845703,16.25132179260254
800,23.433069229125977,18.369386672973633
801,12.920355796813965,14.307326316833496
802,28.158004760742188,8.211555480957031
803,28.242637634277344,10.84634017944336
804,2.408064365386963,9.592041015625
805,10.472112655639648,9.950366020202637
806,12.251180648803711,5.381355285644531
807,7.179224491119385,14.793549537658691
808,17.960227966308594,3.7010891437530518
809,13.468118667602539,6.3430376052856445
810,23.530847549438477,9.579122543334961
811,13.114652633666992,10.173513412475586
812,18.694700241088867,15.505725860595703
813,22.463180541992188,12.108890533447266
814,2.6116552352905273,6.794521331787109
815,20.57455062866211,6.3573527336120605
816,24.768577575683594,12.35920238494873
817,34.80963897705078,9.036286354064941
818,9.42330551147461,9.80704402923584
819,2.611778736114502,10.150430679321289
820,24.562416076660156,16.159528732299805
821,12.987531661987305,16.614429473876953
822,3.9060604572296143,7.306159019470215
823,8.621878623962402,4.121408462524414
824,11.504711151123047,6.586987495422363
825,10.283249855041504,7.168453216552734
826,18.984970092773438,7.620266914367676
827,20.866966247558594,14.950960159301758
828,12.506378173828125,14.246711730957031
829,8.064962387084961,7.850260257720947
830,33.504520416259766,12.67210865020752
831,11.116813659667969,9.412457466125488
832,3.7638514041900635,16.266857147216797
833,29.08477783203125,11.488069534301758
834,21.30635643005371,15.213129997253418
835,13.207365036010742,12.88736343383789
836,9.086910247802734,9.17127513885498
837,47.45689392089844,11.416014671325684
838,15.178967475891113,16.673301696777344
839,19.378591537475586,4.372665882110596
840,9.699102401733398,11.675354957580566
841,6.677534103393555,5.202423095703125
842,7.614768981933594,4.509923458099365
843,24.270105361938477,11.902809143066406
844,16.689599990844727,4.8385796546936035
845,14.134393692016602,4.960047245025635
846,31.122148513793945,8.665066719055176
847,55.45564270019531,10.044408798217773
848,7.882900238037109,3.679781198501587
849,23.69304656982422,5.6707763671875
850,20.99629020690918,21.73710823059082
851,20.284469604492188,12.333417892456055
852,14.685606002807617,6.466775417327881
853,5.595466613769531,5.943097114562988
854,30.160001754760742,7.015129089355469
855,20.55411148071289,4.343880653381348
856,21.848691940307617,9.26750659942627
857,29.626197814941406,6.851265907287598
858,12.993261337280273,10.42517375946045
859,16.756601333618164,5.34296178817749
860,16.98004913330078,10.905036926269531
861,21.4415283203125,16.824886322021484
862,31.24175453186035,21.17915916442871
863,16.22334861755371,10.79100513458252
864,36.72462844848633,14.9541654586792
865,10.63071060180664,9.921195983886719
866,17.033466339111328,12.75396728515625
867,36.4100227355957,11.943458557128906
868,13.377542495727539,19.386520385742188
869,26.410005569458008,5.808681488037109
870,3.349132537841797,16.93565559387207
871,7.02023983001709,6.978086471557617
872,10.34906005859375,12.968082427978516
873,17.538997650146484,20.940092086791992
874,36.72575378417969,13.289594650268555
875,28.272857666015625,17.415679931640625
876,5.037325859069824,15.273107528686523
877,20.144453048706055,5.233382701873779
878,11.726858139038086,18.869216918945312
879,3.1620161533355713,5.086361885070801
880,11.406312942504883,13.83246898651123
881,10.939521789550781,13.779824256896973
882,11.09164810180664,14.294854164123535
883,2.08192777633667,4.027102470397949
884,5.828773498535156,11.271105766296387
885,11.102432250976562,8.275321960449219
886,6.792380332946777,11.842168807983398
887,16.55858612060547,11.074121475219727
888,27.01553726196289,6.402142524719238
889,11.216836929321289,10.52338695526123
890,21.9967098236084,6.9752044677734375
891,7.076876163482666,5.722955703735352
892,8.707433700561523,12.060218811035156
893,23.055858612060547,19.201805114746094
894,28.702835083007812,15.843343734741211
895,25.982566833496094,5.035337924957275
896,25.851730346679688,15.120172500610352
897,18.995407104492188,9.677899360656738
898,9.869564056396484,8.944104194641113
899,37.7396240234375,10.912786483764648
900,7.251602649688721,8.144804000854492
901,5.763472557067871,6.814517021179199
902,12.583498001098633,13.317049026489258
903,9.55274772644043,12.432531356811523
904,8.374279022216797,13.201272964477539
905,15.483333587646484,12.287339210510254
906,9.544560432434082,3.8481693267822266
907,42.53252029418945,5.67250394821167
908,9.034549713134766,12.208429336547852
909,10.384446144104004,9.414922714233398
910,18.339614868164062,5.017359733581543
911,9.816805839538574,7.448486328125
912,4.480122089385986,4.239360332489014
913,30.86813735961914,10.363563537597656
914,22.18199920654297,4.463030815124512
915,5.904817581176758,26.72783660888672
916,11.465017318725586,11.379905700683594
917,6.844856262207031,3.4592671394348145
918,9.393999099731445,4.2864274978637695
919,7.286126613616943,13.178526878356934
920,10.226926803588867,8.234964370727539
921,6.226245403289795,4.687979698181152
922,25.358781814575195,6.032405376434326
923,9.536507606506348,9.857352256774902
924,47.03749465942383,3.3118948936462402
925,33.254539489746094,5.40721321105957
926,11.42842960357666,4.8256306648254395
927,10.78904914855957,8.651527404785156
928,13.975011825561523,19.473690032958984
929,30.494853973388672,17.24749755859375
930,32.80648422241211,17.370508193969727
931,27.680328369140625,5.605234146118164
932,15.254337310791016,3.9511709213256836
933,21.56201934814453,5.683019161224365
934,32.61827087402344,7.741783618927002
935,33.8784065246582,12.399243354797363
936,33.33710479736328,10.600893020629883
937,3.390441417694092,7.628549098968506
938,35.06621551513672,10.775693893432617
939,20.19253158569336,20.15801429748535
940,28.532670974731445,17.783018112182617
941,24.456388473510742,10.449775695800781
942,15.507322311401367,3.3891563415527344
943,21.880516052246094,16.00981903076172
944,4.1460676193237305,6.078204154968262
945,3.225679397583008,4.353967666625977
946,16.94097137451172,5.1806840896606445
947,11.600223541259766,17.936771392822266
948,15.205209732055664,4.729787826538086
949,18.08059310913086,9.196125984191895
950,24.741987228393555,7.676784515380859
951,8.18087100982666,4.73686408996582
952,32.94524002075195,5.880093574523926
953,50.87558364868164,11.51455020904541
954,13.785494804382324,6.970871925354004
955,12.63446044921875,11.482121467590332
956,13.790334701538086,11.499303817749023
957,4.073727607727051,11.658613204956055
958,20.55995750427246,9.70458984375
959,8.4696044921875,7.342864513397217
960,22.885072708129883,12.686334609985352
961,6.230181694030762,7.420903205871582
962,15.898214340209961,14.75428581237793
963,8.831128120422363,2.507254123687744
964,33.81515884399414,4.639556884765625
965,15.091533660888672,10.36357593536377
966,29.63519287109375,7.846048831939697
967,19.49838638305664,10.201135635375977
968,16.864776611328125,4.087789535522461
969,23.397968292236328,10.586629867553711
970,12.219731330871582,8.412581443786621
971,20.1895694732666,2.1883206367492676
972,5.326898574829102,3.969245195388794
973,37.87841033935547,8.751031875610352
974,7.788451194763184,11.441316604614258
975,22.031511306762695,3.131028175354004
976,38.28227233886719,8.580199241638184
977,16.307212829589844,10.688020706176758
978,4.806230068206787,8.500041961669922
979,21.868410110473633,11.688674926757812
980,25.64712142944336,4.885277271270752
981,10.602313041687012,12.592687606811523
982,9.368403434753418,9.11266803741455
983,11.165634155273438,16.244205474853516
984,8.556380271911621,9.035502433776855
985,22.40079116821289,9.932761192321777
986,16.75143814086914,4.2588043212890625
987,16.951580047607422,10.359039306640625
988,4.130235195159912,10.775033950805664
989,25.380176544189453,10.341680526733398
990,29.94446563720703,4.691925048828125
991,25.017234802246094,4.184309482574463
992,11.202167510986328,8.324434280395508
993,10.760169982910156,3.5238349437713623
994,36.501224517822266,4.0498762130737305
995,10.215612411499023,2.7648823261260986
996,14.728437423706055,8.49113941192627
997,17.567031860351562,2.933570384979248
998,10.400171279907227,14.638477325439453
999,20.142847061157227,18.99102020263672
1000,12.882145881652832,6.87037992477417
1001,14.032614707946777,6.654713153839111
1002,21.8316650390625,14.087662696838379
1003,47.497867584228516,15.19961166381836
1004,13.44377613067627,12.66875171661377
1005,5.237844467163086,13.814106941223145
1006,5.793654918670654,7.731679916381836
1007,45.3355712890625,6.071163177490234
1008,13.213393211364746,5.598333358764648
1009,20.39653205871582,10.593179702758789
1010,17.04450225830078,7.542337417602539
1011,8.574480056762695,11.439916610717773
1012,3.9372620582580566,5.56474494934082
1013,23.362525939941406,8.661931991577148
1014,45.06594467163086,4.537589073181152
1015,8.87612533569336,7.943131446838379
1016,23.228736877441406,7.079334259033203
1017,33.77205276489258,3.5452589988708496
1018,17.709636688232422,3.7447144985198975
1019,12.725784301757812,10.544721603393555
1020,8.16614818572998,9.422662734985352
1021,11.916500091552734,5.017279624938965
1022,10.728181838989258,10.20101547241211
1023,23.04006004333496,8.531749725341797
1024,18.611312866210938,3.472677230834961
1025,7.618996620178223,8.495918273925781
1026,42.96852111816406,9.4282808303833
1027,22.083627700805664,3.1443228721618652
1028,24.30419158935547,9.280874252319336
1029,43.777076721191406,20.198286056518555
1030,14.950244903564453,11.262939453125
1031,5.732013702392578,2.662705898284912
1032,10.521217346191406,5.486691951751709
1033,43.60715866088867,19.306278228759766
1034,18.49000358581543,6.822100639343262
1035,34.3913688659668,14.594732284545898
1036,5.293471336364746,5.156754016876221
1037,18.571002960205078,7.228160858154297
1038,3.788313865661621,3.7875518798828125
1039,41.18274688720703,8.302133560180664
1040,8.551881790161133,2.9984617233276367
1041,27.062114715576172,11.159919738769531
1042,23.094736099243164,4.184804916381836
1043,25.539478302001953,10.413902282714844
1044,43.963844299316406,3.0268807411193848
1045,32.14025115966797,4.395079135894775
1046,37.05830001831055,13.072372436523438
1047,41.57941436767578,24.198902130126953
1048,29.989126205444336,19.020767211914062
1049,20.81293487548828,3.3799874782562256
1050,4.5705366134643555,8.07544231414795
1051,31.35238265991211,11.173491477966309
1052,11.771336555480957,2.8690338134765625
1053,32.12269973754883,5.841939449310303
1054,34.37592697143555,4.690999507904053
1055,4.608185768127441,2.9930429458618164
1056,5.310932159423828,3.4383513927459717
1057,4.349385738372803,4.276047229766846
1058,22.444805145263672,7.378244400024414
1059,4.879903793334961,13.211657524108887
1060,19.598196029663086,10.45478630065918
1061,28.42232322692871,12.76317024230957
1062,18.603233337402344,4.589746475219727
1063,14.996371269226074,4.293597221374512
1064,33.26837921142578,11.144286155700684
1065,16.005416870117188,5.3049468994140625
1066,27.901153564453125,8.600763320922852
1067,8.329904556274414,5.381042957305908
1068,12.61312198638916,5.754785537719727
1069,21.544034957885742,9.612317085266113
1070,12.135171890258789,5.212471961975098
1071,8.651220321655273,9.158089637756348
1072,6.024925231933594,3.576113700866699
1073,29.564847946166992,7.025242328643799
1074,29.681358337402344,3.8838083744049072
1075,8.001485824584961,3.7861223220825195
1076,19.135215759277344,3.4329395294189453
1077,15.258356094360352,2.7118425369262695
1078,44.85631561279297,22.49030303955078
1079,17.430511474609375,5.567307472229004
1080,17.62134552001953,5.7932538986206055
1081,20.51702308654785,3.9113805294036865
1082,4.7251081466674805,9.787025451660156
1083,11.990137100219727,3.1339282989501953
1084,15.778297424316406,4.949938774108887
1085,34.882835388183594,4.852907180786133
1086,34.26726531982422,3.192612648010254
1087,33.74248504638672,9.770797729492188
1088,12.47209358215332,8.064095497131348
1089,30.962404251098633,9.753758430480957
1090,33.805992126464844,4.398052215576172
1091,23.760435104370117,7.448124408721924
1092,13.636075019836426,6.336673259735107
1093,5.436011791229248,6.6137189865112305
1094,7.401658535003662,2.420830726623535
1095,9.391834259033203,6.849302768707275
1096,11.782483100891113,2.1774203777313232
1097,49.436729431152344,7.323944568634033
1098,14.829082489013672,8.291521072387695
1099,30.22054672241211,6.113292694091797
1100,22.360183715820312,8.401016235351562
1101,9.207907676696777,3.31772518157959
1102,8.446908950805664,12.368816375732422
1103,5.99376106262207,10.198845863342285
1104,10.94515609741211,4.12161922454834
1105,8.508512496948242,3.31378173828125
1106,11.82321834564209,4.98681640625
1107,11.895942687988281,3.786868095397949
1108,3.4375131130218506,3.2368252277374268
1109,16.818504333496094,3.3881025314331055
1110,4.151178359985352,3.0517921447753906
1111,24.37796401977539,9.434335708618164
1112,14.370561599731445,3.2227442264556885
1113,32.06117630004883,3.782409191131592
1114,38.82659912109375,10.766326904296875
1115,13.074216842651367,16.221229553222656
1116,24.49651336669922,11.55385684967041
1117,14.642120361328125,8.573644638061523
1118,4.813459396362305,4.4092888832092285
1119,27.213226318359375,9.265759468078613
1120,32.10114669799805,5.646553039550781
1121,27.72893524169922,9.653653144836426
1122,15.303752899169922,4.546658039093018
1123,40.953556060791016,2.9152672290802
1124,18.312501907348633,10.688746452331543
1125,32.91489791870117,9.991130828857422
1126,20.068506240844727,3.8421571254730225
1127,21.971561431884766,6.482016563415527
1128,8.321612358093262,2.9306459426879883
1129,6.236025810241699,2.5954971313476562
1130,7.820454120635986,6.05342960357666
1131,18.304779052734375,5.396434783935547
1132,33.32132339477539,3.6760549545288086
1133,34.86359405517578,5.778770923614502
1134,4.950821876525879,6.410232067108154
1135,21.61608123779297,14.029927253723145
1136,4.90502405166626,3.4047956466674805
1137,14.610160827636719,3.924368143081665
1138,15.351722717285156,3.372623920440674
1139,7.648123741149902,7.2139410972595215
1140,9.826766967773438,9.504461288452148
1141,7.495502471923828,3.268402576446533
1142,20.318483352661133,3.9817099571228027
1143,14.995534896850586,2.3746707439422607
1144,14.52481746673584,4.123788356781006
1145,28.029800415039062,4.377633571624756
1146,15.790328979492188,2.3988044261932373
1147,13.921613693237305,3.6699235439300537
1148,25.69176483154297,15.06263256072998
1149,7.5540852546691895,1.9076133966445923
1150,18.269834518432617,5.991546630859375
1151,24.470029830932617,2.778549909591675
1152,5.403031349182129,3.607992649078369
1153,8.292478561401367,4.929471492767334
1154,50.240631103515625,10.443864822387695
1155,15.553546905517578,6.971935272216797
1156,9.24295425415039,7.040365695953369
1157,10.480384826660156,2.406454086303711
1158,19.32925033569336,4.661947250366211
1159,6.188199996948242,3.2433834075927734
1160,9.399356842041016,6.70292854309082
1161,16.90157127380371,8.576379776000977
1162,12.315500259399414,4.674298286437988
1163,3.4678921699523926,2.581695795059204
1164,25.335342407226562,4.553785800933838
1165,9.558150291442871,3.4400758743286133
1166,35.99226379394531,3.061744451522827
1167,10.98695182800293,1.658254861831665
1168,26.81884765625,6.8323140144348145
1169,31.751522064208984,4.7559027671813965
1170,31.943519592285156,7.985556602478027
1171,20.88935089111328,3.4882395267486572
1172,7.420412540435791,4.541046142578125
1173,12.993513107299805,1.5731332302093506
1174,11.064689636230469,7.019439697265625
1175,16.03096580505371,5.183499336242676
1176,13.158050537109375,2.3407862186431885
1177,18.95500946044922,6.773345947265625
1178,4.238724231719971,4.7753119468688965
1179,25.967227935791016,3.402000904083252
1180,11.42227554321289,3.944125175476074
1181,10.220376968383789,5.80615758895874
1182,5.500180721282959,9.137670516967773
1183,6.885227680206299,3.2902135848999023
1184,19.46678924560547,5.485385417938232
1185,15.198579788208008,2.859116554260254
1186,17.50212860107422,2.572824478149414
1187,4.737003326416016,3.891231060028076
1188,21.81471061706543,9.52259635925293
1189,30.561969757080078,6.354377269744873
1190,12.324640274047852,4.72268009185791
1191,7.522902488708496,3.719209671020508
1192,16.465011596679688,3.175173044204712
1193,9.925395965576172,2.801736354827881
1194,6.058004379272461,3.3643240928649902
1195,14.765707015991211,3.8519468307495117
1196,21.147939682006836,2.7710647583007812
1197,13.645610809326172,3.8118937015533447
1198,8.719490051269531,1.574292778968811
1199,16.57146453857422,4.39319372177124
1200,35.91642379760742,4.336338043212891
1201,8.00498104095459,3.427781581878662
1202,29.492185592651367,3.4711861610412598
1203,3.336940288543701,3.7642669677734375
1204,20.75318717956543,5.001443862915039
1205,18.18625831604004,7.367527008056641
1206,13.878268241882324,13.685075759887695
1207,28.74930191040039,3.7807021141052246
1208,21.481536865234375,6.512580871582031
1209,19.47967529296875,2.7839672565460205
1210,23.34787368774414,3.572816848754883
1211,24.551071166992188,3.980236530303955
1212,4.371062278747559,4.569211006164551
1213,8.594932556152344,2.7113866806030273
1214,3.3666746616363525,6.088571548461914
1215,13.897462844848633,6.620345592498779
1216,4.326691150665283,6.679720401763916
1217,17.830646514892578,1.9373383522033691
1218,7.556418418884277,2.900066375732422
1219,7.482439041137695,4.941406726837158
1220,8.38731575012207,7.465573787689209
1221,10.86535358428955,2.985100269317627
1222,21.31250762939453,5.675795078277588
1223,9.170271873474121,4.560598373413086
1224,21.607933044433594,4.328648090362549
1225,13.555807113647461,1.8632118701934814
1226,34.238616943359375,6.318957328796387
1227,21.444965362548828,5.826540470123291
1228,4.019186973571777,4.546051025390625
1229,11.4200439453125,2.5159413814544678
1230,6.328395843505859,7.936349391937256
1231,14.025020599365234,4.784405708312988
1232,27.662612915039062,11.956985473632812
1233,16.345199584960938,1.7438161373138428
1234,26.318220138549805,3.6094298362731934
1235,16.58670425415039,4.60369348526001
1236,4.022406578063965,3.667466402053833
1237,27.032865524291992,5.775920867919922
1238,13.0387601852417,5.65804386138916
1239,9.649675369262695,2.1321468353271484
1240,10.741935729980469,2.56851863861084
1241,22.490520477294922,2.335498332977295
1242,27.580602645874023,2.6534042358398438
1243,51.663536071777344,6.397466659545898
1244,23.14327621459961,3.887692928314209
1245,4.211830139160156,5.366702079772949
1246,21.7359561920166,6.283880710601807
1247,8.130000114440918,2.38802170753479
1248,7.097621440887451,2.0542101860046387
1249,11.804835319519043,3.8557796478271484
1250,10.880399703979492,4.710598945617676
1251,25.502574920654297,2.3825597763061523
1252,27.01798439025879,3.293348550796509
1253,25.190956115722656,2.369189739227295
1254,15.33306884765625,2.2071385383605957
1255,23.904083251953125,2.729046106338501
1256,31.407081604003906,9.648961067199707
1257,12.159274101257324,3.2672839164733887
1258,7.196453094482422,1.694388747215271
1259,30.676849365234375,7.276558876037598
1260,16.97954559326172,3.0749549865722656
1261,26.489337921142578,3.1162962913513184
1262,37.67980194091797,7.756257057189941
1263,21.629592895507812,7.042120456695557
1264,13.294631958007812,2.056424140930176
1265,9.92518138885498,3.659621477127075
1266,19.470001220703125,1.4609832763671875
1267,7.5763397216796875,3.66186785697937
1268,33.07157897949219,6.29749059677124
1269,33.769187927246094,4.371152400970459
1270,11.932930946350098,2.3776657581329346
1271,23.930011749267578,2.262795925140381
1272,11.324782371520996,3.688880443572998
1273,8.15694808959961,2.6614575386047363
1274,19.761638641357422,4.083408832550049
1275,6.0269455909729,2.5192763805389404
1276,34.25221252441406,4.2275776863098145
1277,19.538177490234375,4.813260078430176
1278,18.309127807617188,4.249275207519531
1279,21.641193389892578,2.3225629329681396
1280,17.80276107788086,1.6432909965515137
1281,18.516630172729492,3.9051032066345215
1282,17.262065887451172,1.6698713302612305
1283,23.409334182739258,1.8801833391189575
1284,16.179964065551758,3.3507680892944336
1285,6.143171310424805,1.8831477165222168
1286,16.202917098999023,2.2992026805877686
1287,38.818443298339844,7.703346252441406
1288,11.153539657592773,2.3976707458496094
1289,33.55268096923828,6.533393859863281
1290,37.66167449951172,5.755374908447266
1291,30.607696533203125,2.7907660007476807
1292,5.077551364898682,4.261514186859131
1293,20.29257583618164,7.2131500244140625
1294,16.18604278564453,5.559505939483643
1295,24.34984588623047,4.697089195251465
1296,16.685941696166992,3.0587024688720703
1297,20.725095748901367,3.4266886711120605
1298,26.952701568603516,4.137099266052246
1299,18.319549560546875,1.6972310543060303
1300,8.641256332397461,2.3503148555755615
1301,6.517758846282959,1.6015516519546509
1302,11.862110137939453,3.6123526096343994
1303,25.433650970458984,2.2457480430603027
1304,21.254871368408203,3.308565139770508
1305,12.94044017791748,2.5344409942626953
1306,12.541204452514648,2.132058620452881
1307,7.258052349090576,5.704208850860596
1308,19.66800308227539,3.8790154457092285
1309,7.518430709838867,6.703390121459961
1310,16.557865142822266,3.3142049312591553
1311,44.596527099609375,5.326888084411621
1312,24.131637573242188,3.2344419956207275
1313,2.757917642593384,1.9036149978637695
1314,23.898386001586914,2.0218899250030518
1315,16.109081268310547,2.112842559814453
1316,12.30907917022705,6.260289192199707
1317,29.17922019958496,4.09114933013916
1318,14.299103736877441,4.118588447570801
1319,27.739364624023438,3.252488613128662
1320,9.55163860321045,3.0071492195129395
1321,24.127033233642578,4.807191848754883
1322,11.860015869140625,3.558987617492676
1323,6.316353797912598,3.2248687744140625
1324,47.06623840332031,4.010181903839111
1325,18.46793556213379,3.559403419494629
1326,13.446406364440918,4.800928592681885
1327,23.41080093383789,1.7563483715057373
1328,31.59480857849121,1.683953046798706
1329,35.48097229003906,6.8585076332092285
1330,10.004396438598633,4.2696123123168945
1331,19.678884506225586,3.954012870788574
1332,32.56290817260742,6.298708915710449
1333,11.280010223388672,3.7324750423431396
1334,15.659503936767578,2.0383849143981934
1335,27.785064697265625,6.404506683349609
1336,37.82773971557617,1.8165110349655151
1337,30.407995223999023,2.1144609451293945
1338,41.07911682128906,6.773751258850098
1339,10.96174430847168,4.514007568359375
1340,6.668076515197754,2.4348676204681396
1341,32.972496032714844,2.306828498840332
1342,15.060270309448242,4.204319000244141
1343,19.751041412353516,5.761545181274414
1344,5.283063888549805,2.9660027027130127
1345,47.817081451416016,3.2896485328674316
1346,17.966991424560547,2.6154496669769287
1347,12.629030227661133,2.4788639545440674
1348,4.847704887390137,2.478062152862549
1349,14.824565887451172,1.51939058303833
1350,16.53907012939453,3.3189806938171387
1351,12.960267066955566,2.591843605041504
1352,17.5511474609375,2.999098777770996
1353,26.520553588867188,7.4619317054748535
1354,12.813709259033203,3.9783995151519775
1355,16.303539276123047,2.671056032180786
1356,11.791631698608398,5.76530647277832
1357,17.980613708496094,3.5922200679779053
1358,30.119491577148438,3.657378911972046
1359,34.34465026855469,1.681206226348877
1360,12.722442626953125,2.7761788368225098
1361,11.279820442199707,1.3360025882720947
1362,16.606765747070312,6.2822265625
1363,26.228740692138672,8.333294868469238
1364,21.091169357299805,4.144036293029785
1365,15.015510559082031,1.3637081384658813
1366,42.019004821777344,4.643801212310791
1367,23.922008514404297,3.682159662246704
1368,17.312984466552734,5.435923099517822
1369,49.225067138671875,3.970642566680908
1370,43.72571563720703,6.824059009552002
1371,23.71859359741211,3.3640389442443848
1372,44.043846130371094,3.0370378494262695
1373,11.028608322143555,1.9279626607894897
1374,57.80805206298828,9.304010391235352
1375,20.890911102294922,1.6648573875427246
1376,15.618392944335938,3.573543071746826
1377,21.939781188964844,5.419297218322754
1378,11.05342960357666,1.4402775764465332
1379,10.067943572998047,3.1393208503723145
1380,22.18616485595703,1.7304043769836426
1381,32.55326843261719,4.765556335449219
1382,32.222713470458984,5.751514434814453
1383,19.360021591186523,2.83451509475708
1384,35.73750686645508,3.016005516052246
1385,22.763967514038086,6.438663959503174
1386,9.04135799407959,5.065650939941406
1387,11.890891075134277,1.2030754089355469
1388,36.7501106262207,2.815340757369995
1389,42.0252685546875,2.4405438899993896
1390,34.578121185302734,2.3016881942749023
1391,45.34071731567383,2.693617343902588
1392,28.040817260742188,5.992441654205322
1393,52.58049011230469,2.9855048656463623
1394,20.515079498291016,1.6973352432250977
1395,38.72438049316406,2.320002555847168
1396,20.87220001220703,2.5234532356262207
1397,47.414669036865234,1.6450011730194092
1398,17.380775451660156,1.4951910972595215
1399,20.737117767333984,3.214062213897705
1400,15.796802520751953,3.455033540725708
1401,9.48032283782959,2.2383837699890137
1402,6.065889835357666,2.993992567062378
1403,6.630732536315918,1.6548049449920654
1404,13.082195281982422,1.6888178586959839
1405,29.93943977355957,1.122747540473938
1406,27.629074096679688,4.537735939025879
1407,21.389503479003906,3.2663893699645996
1408,13.521804809570312,2.5282716751098633
1409,18.86953353881836,2.0359559059143066
1410,49.670223236083984,2.982560157775879
1411,19.948890686035156,2.0945777893066406
1412,27.423404693603516,2.0687923431396484
1413,11.765718460083008,3.945136308670044
1414,14.923989295959473,3.2052149772644043
1415,40.193843841552734,1.2343573570251465
1416,40.05537414550781,3.3079514503479004
1417,22.497196197509766,1.4924348592758179
1418,36.42333221435547,1.7725675106048584
1419,12.013278007507324,1.3692476749420166
1420,10.702407836914062,1.5918089151382446
1421,7.803372859954834,4.859717845916748
1422,9.282854080200195,1.78606379032135
1423,46.73875427246094,4.592519283294678
1424,29.584230422973633,1.2475998401641846
1425,21.98118782043457,3.290221691131592
1426,24.56696128845215,2.5545005798339844
1427,22.607379913330078,3.1769509315490723
1428,18.18648338317871,2.2575247287750244
1429,70.44526672363281,1.1543606519699097
1430,53.37093734741211,7.013936996459961
1431,14.221253395080566,4.733895778656006
1432,42.109954833984375,3.370971202850342
1433,13.030062675476074,1.5375988483428955
1434,27.30504608154297,2.6890134811401367
1435,9.958016395568848,1.2085645198822021
1436,21.54286003112793,7.869056701660156
1437,30.634353637695312,2.309034824371338
1438,17.088603973388672,1.359533667564392
1439,33.6685676574707,3.051936626434326
1440,30.750308990478516,3.4544897079467773
1441,29.20012664794922,5.596009731292725
1442,22.76923942565918,3.4713785648345947
1443,19.285022735595703,2.6739583015441895
1444,17.38314437866211,4.754967212677002
1445,42.22338104248047,7.265631675720215
1446,25.460187911987305,4.956878662109375
1447,20.57420539855957,1.9244959354400635
1448,29.396312713623047,5.8961181640625
1449,37.91668701171875,3.3850221633911133
1450,19.612979888916016,3.7207999229431152
1451,13.542364120483398,3.326805830001831
1452,22.13033103942871,2.995358467102051
1453,21.309478759765625,4.7626752853393555
1454,24.223941802978516,2.925940990447998
1455,45.43561935424805,4.813749313354492
1456,37.160491943359375,3.7125589847564697
1457,22.593780517578125,1.9858949184417725
1458,28.396892547607422,2.545769691467285
1459,43.208534240722656,4.514279365539551
1460,19.10757064819336,0.9548114538192749
1461,19.4620304107666,1.7049367427825928
1462,36.12654113769531,1.5357685089111328
1463,17.381437301635742,3.919090509414673
1464,12.627405166625977,4.306844711303711
1465,9.864449501037598,1.49896240234375
1466,17.97452163696289,1.7091891765594482
1467,22.829526901245117,1.6025872230529785
1468,34.279685974121094,4.828348159790039
1469,27.739370346069336,0.9629952907562256
1470,34.844322204589844,1.3848166465759277
1471,8.671377182006836,2.1632676124572754
1472,31.827377319335938,6.465129852294922
1473,10.400301933288574,2.175832748413086
1474,15.040810585021973,5.729513168334961
1475,35.30841827392578,1.0055208206176758
1476,38.35671615600586,1.609863042831421
1477,19.94074249267578,1.342846155166626
1478,8.765201568603516,3.6263179779052734
1479,27.136157989501953,1.027685284614563
1480,48.28215789794922,1.4381027221679688
1481,14.674463272094727,4.377834796905518
1482,39.52305603027344,5.269594192504883
1483,9.770456314086914,1.3905680179595947
1484,22.618711471557617,5.334401607513428
1485,17.30230712890625,1.3706870079040527
1486,31.552013397216797,4.3100690841674805
1487,13.363483428955078,2.1041653156280518
1488,26.31947898864746,1.474702000617981
1489,28.56618309020996,2.0457687377929688
1490,38.10112380981445,2.318129301071167
1491,16.989452362060547,2.6062302589416504
1492,6.819649696350098,1.9172804355621338
1493,17.773727416992188,2.5531978607177734
1494,29.756053924560547,0.993040144443512
1495,31.433349609375,0.7168346643447876
1496,25.46965217590332,5.318426132202148
1497,48.482723236083984,6.817034721374512
1498,9.826894760131836,1.7156052589416504
1499,10.916463851928711,4.3344902992248535
1500,34.71366882324219,4.295042037963867
1501,30.75802993774414,1.8740577697753906
1502,16.920166015625,1.943081021308899
1503,39.09131622314453,4.7489142417907715
1504,6.017951965332031,1.6327260732650757
1505,11.358712196350098,1.0831900835037231
1506,24.063018798828125,3.581051826477051
1507,15.765584945678711,1.9165918827056885
1508,15.53223991394043,1.6175214052200317
1509,46.48407745361328,1.9403717517852783
1510,17.241823196411133,7.106595039367676
1511,18.271499633789062,2.971950054168701
1512,38.618350982666016,3.11751127243042
1513,4.517350196838379,3.2190887928009033
1514,19.695220947265625,3.8669095039367676
1515,18.879825592041016,1.4877625703811646
1516,67.52688598632812,2.55259108543396
1517,21.24615478515625,1.1861932277679443
1518,16.528888702392578,1.4930567741394043
1519,7.841353893280029,6.2354512214660645
1520,74.15817260742188,4.387793064117432
1521,5.825543403625488,0.6830101013183594
1522,19.44928550720215,4.000754356384277
1523,25.5555477142334,1.3872158527374268
1524,51.00765609741211,4.026430130004883
1525,7.9429121017456055,0.9174861907958984
1526,19.45568084716797,0.8824865818023682
1527,17.20092010498047,2.8521976470947266
1528,15.673232078552246,1.5155514478683472
1529,39.67123794555664,3.785853862762451
1530,63.599586486816406,2.0274429321289062
1531,63.269020080566406,3.9565999507904053
1532,14.022459030151367,2.1548142433166504
1533,59.5303840637207,3.060969829559326
1534,29.931529998779297,1.518383264541626
1535,39.0052375793457,6.838680267333984
1536,24.810083389282227,2.4320924282073975
1537,20.59484100341797,5.047293663024902
1538,21.58580780029297,1.2164069414138794
1539,37.67816925048828,2.085576295852661
1540,37.32791519165039,1.0321900844573975
1541,15.412636756896973,3.0393712520599365
1542,37.310882568359375,2.2543294429779053
1543,3.1905624866485596,1.3434712886810303
1544,42.58000946044922,0.9183499217033386
1545,36.4393424987793,1.4691494703292847
1546,59.85936737060547,2.6929054260253906
1547,47.94807434082031,3.9905004501342773
1548,32.29474639892578,2.5602149963378906
1549,27.052955627441406,1.0622053146362305
1550,21.453495025634766,2.259028911590576
1551,15.006957054138184,2.108710289001465
1552,35.20446014404297,1.4321749210357666
1553,23.26192855834961,0.9694767594337463
1554,31.580591201782227,2.525675058364868
1555,7.31614351272583,1.9223341941833496
1556,38.18041229248047,1.1461834907531738
1557,37.432518005371094,1.3512287139892578
1558,14.939823150634766,2.50990891456604
1559,48.59639358520508,0.9171692132949829
1560,6.960684776306152,1.5366666316986084
1561,17.401594161987305,4.743671417236328
1562,46.82952117919922,1.9276701211929321
1563,28.135807037353516,0.5268063545227051
1564,76.835693359375,5.987524032592773
1565,22.941410064697266,5.004117012023926
1566,27.4207706451416,4.119960784912109
1567,33.72944259643555,1.2017199993133545
1568,10.408339500427246,1.7590560913085938
1569,30.179994583129883,3.676671028137207
1570,60.0787353515625,7.698866844177246
1571,28.378629684448242,3.695413589477539
1572,10.953474044799805,0.9832884073257446
1573,37.71240997314453,2.8583970069885254
1574,43.39836120605469,2.0635900497436523
1575,21.499114990234375,2.540647268295288
1576,60.765567779541016,6.645351886749268
1577,31.772933959960938,0.8425703048706055
1578,10.361809730529785,2.982409954071045
1579,12.419713973999023,1.066198468208313
1580,33.95821762084961,4.600652694702148
1581,42.80205154418945,2.537356376647949
1582,44.87508010864258,3.070024251937866
1583,29.6492977142334,3.3619742393493652
1584,10.549857139587402,0.8952991962432861
1585,54.87904739379883,1.3327157497406006
1586,54.122657775878906,1.821931004524231
1587,28.498191833496094,2.447323799133301
1588,60.59310531616211,1.6039817333221436
1589,47.929832458496094,5.367137908935547
1590,13.752628326416016,1.1932814121246338
1591,24.936508178710938,2.4540486335754395
1592,13.768539428710938,4.65261173248291
1593,13.580480575561523,4.1122846603393555
1594,14.396920204162598,1.448115348815918
1595,73.94827270507812,3.8957033157348633
1596,14.03296947479248,2.6002261638641357
1597,22.206218719482422,1.0499699115753174
1598,20.409889221191406,3.0830154418945312
1599,8.018272399902344,1.510841727256775
1600,29.987213134765625,3.2516074180603027
1601,7.102161407470703,3.89510440826416
1602,50.908206939697266,1.9070007801055908
1603,23.134321212768555,0.9744385480880737
1604,62.11140823364258,3.8797366619110107
1605,16.66657257080078,1.0080351829528809
1606,18.050512313842773,3.2848751544952393
1607,46.782318115234375,2.2227931022644043
1608,14.384510040283203,1.0768824815750122
1609,40.619503021240234,2.138185977935791
1610,10.608412742614746,3.499023675918579
1611,41.42064666748047,3.5801122188568115
1612,20.743938446044922,0.8663719892501831
1613,49.53216552734375,4.827458381652832
1614,18.033287048339844,2.244765520095825
1615,53.9939079284668,1.1260769367218018
1616,93.73967742919922,2.6339030265808105
1617,43.47355651855469,4.979877948760986
1618,25.359691619873047,0.9736275672912598
1619,72.83419799804688,3.2942867279052734
1620,18.92196273803711,2.4670321941375732
1621,38.23387908935547,1.4325095415115356
1622,14.353873252868652,2.7927162647247314
1623,19.97354507446289,5.304915904998779
1624,36.298885345458984,2.9341914653778076
1625,15.152868270874023,0.9264576435089111
1626,23.262088775634766,1.1451959609985352
1627,19.58097267150879,0.8154226541519165
1628,35.176063537597656,3.836466073989868
1629,85.33014678955078,4.395840644836426
1630,24.196834564208984,2.851240634918213
1631,8.649480819702148,1.4883241653442383
1632,35.07958984375,1.1836177110671997
1633,5.8397698402404785,0.981782853603363
1634,87.09803009033203,4.224235534667969
1635,26.178821563720703,1.2918089628219604
1636,52.63718032836914,2.57443904876709
1637,59.948509216308594,4.680131912231445
1638,62.472312927246094,5.502920627593994
1639,122.92528533935547,9.965968132019043
1640,61.441192626953125,2.151205539703369
1641,29.761554718017578,1.7711222171783447
1642,21.020038604736328,4.692429542541504
1643,30.44189453125,1.0513330698013306
1644,45.595184326171875,1.2902535200119019
1645,15.33720874786377,1.2400426864624023
1646,17.575044631958008,1.5487197637557983
1647,15.099827766418457,2.0735056400299072
1648,21.069002151489258,1.0653376579284668
1649,20.587318420410156,1.467540979385376
1650,49.339134216308594,5.361747741699219
1651,44.046504974365234,1.686164379119873
1652,16.262575149536133,2.7916526794433594
1653,38.23420715332031,2.3743295669555664
1654,15.16580581665039,1.6017898321151733
1655,36.6520881652832,1.4307750463485718
1656,27.90532684326172,3.5417191982269287
1657,18.487258911132812,0.8585853576660156
1658,27.021215438842773,2.8568496704101562
1659,56.87287139892578,1.6996244192123413
1660,62.08222961425781,2.4297289848327637
1661,21.69224739074707,2.5155811309814453
1662,17.150047302246094,0.4539402723312378
1663,17.493743896484375,0.6120671033859253
1664,17.647140502929688,3.7481892108917236
1665,28.758344650268555,0.8159867525100708
1666,40.398704528808594,4.41797399520874
1667,33.93873596191406,3.0389695167541504
1668,39.24235916137695,2.319457530975342
1669,15.91151237487793,0.7280869483947754
1670,19.699800491333008,1.3446812629699707
1671,39.277706146240234,0.6141415238380432
1672,45.197940826416016,1.1783580780029297
1673,47.604339599609375,1.711503028869629
1674,19.77737808227539,3.017479419708252
1675,26.91189193725586,3.031116008758545
1676,18.164836883544922,4.094536781311035
1677,50.95761489868164,4.134848594665527
1678,53.951663970947266,2.621976375579834
1679,33.51233673095703,1.007928490638733
1680,13.220203399658203,1.7307103872299194
1681,23.250988006591797,0.6723129749298096
1682,16.566755294799805,0.630399227142334
1683,22.54383087158203,0.4576849639415741
1684,52.88780212402344,0.9750421643257141
1685,74.54843139648438,1.0724334716796875
1686,70.649658203125,2.877476215362549
1687,22.28171157836914,2.599341869354248
1688,19.803176879882812,1.0464842319488525
1689,11.023386001586914,1.049976110458374
1690,48.49243927001953,0.7016027569770813
1691,80.75706481933594,3.8253378868103027
1692,34.928977966308594,0.8713361024856567
1693,16.6754093170166,0.6584833860397339
1694,14.439974784851074,0.5500546097755432
1695,60.290531158447266,0.6705160737037659
1696,19.74151039123535,1.261480450630188
1697,12.537572860717773,1.2903974056243896
1698,51.636573791503906,2.110618829727173
1699,14.286016464233398,0.7517164945602417
1700,77.8978271484375,1.8033641576766968
1701,19.282411575317383,0.6309384703636169
1702,28.822952270507812,2.718035936355591
1703,36.67593002319336,1.2860580682754517
1704,31.60999298095703,0.5867409706115723
1705,18.02893829345703,2.9694223403930664
1706,33.46717071533203,1.808326005935669
1707,26.194965362548828,0.5040915608406067
1708,47.162899017333984,0.9329243898391724
1709,55.59820556640625,1.7431453466415405
1710,53.23614501953125,1.8437049388885498
1711,25.766754150390625,0.9537537693977356
1712,24.75318145751953,0.8161224722862244
1713,20.712108612060547,2.577803611755371
1714,53.3763427734375,0.7247051000595093
1715,30.246829986572266,0.7853894829750061
1716,54.056678771972656,1.4638800621032715
1717,18.406646728515625,0.9557019472122192
1718,51.378143310546875,0.7799742817878723
1719,86.15483093261719,5.219614505767822
1720,18.82231903076172,1.0956716537475586
1721,35.19633102416992,8.884921073913574
1722,69.97085571289062,5.5394287109375
1723,20.098066329956055,0.6765263676643372
1724,46.36610412597656,4.57040548324585
1725,10.615896224975586,3.971454620361328
1726,39.69388961791992,0.8228710889816284
1727,37.45298767089844,0.5989696979522705
1728,37.903934478759766,4.961228370666504
1729,71.49249267578125,4.962130546569824
1730,64.68276977539062,4.650141716003418
1731,22.54229736328125,1.1072314977645874
1732,28.180015563964844,4.370046138763428
1733,10.361478805541992,0.36141616106033325
1734,63.78029251098633,5.820685386657715
1735,19.301767349243164,4.521766185760498
1736,29.63361358642578,0.6641761064529419
1737,31.78641128540039,0.7048536539077759
1738,23.79338836669922,0.7085160613059998
1739,40.7587776184082,0.899641752243042
1740,18.93732261657715,0.8364802598953247
1741,23.30390167236328,1.2108383178710938
1742,8.14885139465332,0.5172551274299622
1743,47.10116195678711,0.501554548740387
1744,21.909709930419922,4.955733299255371
1745,44.49655532836914,2.3787267208099365
1746,21.748992919921875,1.0847536325454712
1747,62.57367706298828,5.276292324066162
1748,19.969852447509766,0.5708503723144531
1749,27.76445198059082,0.6768817901611328
1750,34.69659423828125,0.7674965858459473
1751,27.819591522216797,0.5776715278625488
1752,31.315032958984375,4.767696857452393
1753,23.3153076171875,0.8874489068984985
1754,21.582883834838867,5.161190986633301
1755,32.942596435546875,8.526670455932617
1756,66.03848266601562,1.4050236940383911
1757,19.891952514648438,4.422487258911133
1758,21.05730438232422,0.5955067873001099
1759,66.62242889404297,0.8765007257461548
1760,31.982826232910156,4.2402119636535645
1761,10.635687828063965,0.5654147863388062
1762,34.332401275634766,1.5113078355789185
1763,22.780193328857422,0.4973762035369873
1764,27.454004287719727,2.107933521270752
1765,36.02336883544922,5.070370674133301
1766,53.583984375,0.9918843507766724
1767,71.26071166992188,7.171262741088867
1768,19.39987564086914,2.459488868713379
1769,19.739192962646484,0.503081738948822
1770,13.178268432617188,0.7784199714660645
1771,38.570526123046875,2.8790054321289062
1772,17.051279067993164,2.32729434967041
1773,19.65970802307129,0.6257617473602295
1774,21.788818359375,0.5704441070556641
1775,23.137271881103516,0.784562349319458
1776,33.18947982788086,0.9711740016937256
1777,27.15497589111328,0.8937221765518188
1778,65.74578857421875,1.2099639177322388
1779,41.01681137084961,0.9269704818725586
1780,25.86071014404297,4.79209041595459
1781,31.445770263671875,0.8367509841918945
1782,23.74517822265625,4.4560933113098145
1783,23.997650146484375,4.877592086791992
1784,74.40284729003906,1.3693768978118896
1785,35.199790954589844,1.0498745441436768
1786,13.70103645324707,4.939197540283203
1787,28.041606903076172,1.91615629196167
1788,60.4779052734375,0.5511788129806519
1789,121.72467041015625,10.706506729125977
1790,35.65333938598633,1.068055272102356
1791,58.345550537109375,0.4785858988761902
1792,35.99027633666992,0.9162799119949341
1793,22.07904624938965,0.6534638404846191
1794,19.61609649658203,0.5842785835266113
1795,49.82941436767578,0.9788187742233276
1796,53.929508209228516,0.9494414925575256
1797,20.654163360595703,0.624183714389801
1798,48.532958984375,0.699494481086731
1799,36.988563537597656,4.745461463928223
1800,73.7738265991211,4.503256320953369
1801,30.158079147338867,0.9277027249336243
1802,68.2062759399414,0.5685555934906006
1803,23.410804748535156,0.8822454810142517
1804,19.744897842407227,1.321021318435669
1805,44.16793441772461,5.548875331878662
1806,14.223787307739258,0.6727702617645264
1807,19.875137329101562,0.9676114916801453
1808,95.34490966796875,4.5579071044921875
1809,47.476966857910156,1.1090271472930908
1810,89.01820373535156,0.9006860256195068
1811,29.603862762451172,0.6485879421234131
1812,60.20796203613281,0.5259501934051514
1813,25.135143280029297,0.9640821218490601
1814,20.531843185424805,1.0084387063980103
1815,34.6335563659668,1.0289077758789062
1816,23.003997802734375,0.7203671336174011
1817,22.915128707885742,0.7829304933547974
1818,13.888528823852539,0.7289451360702515
1819,51.666465759277344,4.819925308227539
1820,17.253173828125,1.2690012454986572
1821,29.561599731445312,0.6035423278808594
1822,11.802494049072266,4.907533168792725
1823,44.2542724609375,2.062354803085327
1824,76.98660278320312,4.780280590057373
1825,31.01382827758789,0.7050002813339233
1826,26.85782241821289,0.6991448998451233
1827,39.77162170410156,1.8125298023223877
1828,46.58160400390625,0.4748847782611847
1829,12.517181396484375,0.8955659866333008
1830,50.53150177001953,0.6277459859848022
1831,40.10804748535156,0.8198862671852112
1832,54.12332534790039,1.2786058187484741
1833,56.763214111328125,0.8177960515022278
1834,76.04191589355469,0.6624871492385864
1835,30.09526824951172,0.5716111063957214
1836,42.39576721191406,4.952700138092041
1837,68.84260559082031,4.605543613433838
1838,65.16122436523438,0.6899081468582153
1839,36.489967346191406,0.5382614135742188
1840,34.12865447998047,0.843928337097168
1841,64.51213073730469,2.160493850708008
1842,25.0816707611084,0.4132844805717468
1843,94.13079071044922,4.4387593269348145
1844,16.42966651916504,1.7847974300384521
1845,23.999950408935547,0.996963620185852
1846,103.92826843261719,8.904473304748535
1847,27.170385360717773,0.899033784866333
1848,45.749549865722656,1.9459500312805176
1849,90.64860534667969,1.9710689783096313
1850,28.069042205810547,0.9030268788337708
1851,28.048297882080078,1.2495548725128174
1852,15.257560729980469,0.7285904288291931
1853,20.592103958129883,0.48800262808799744
1854,24.472110748291016,0.950377345085144
1855,69.43505096435547,0.6422510147094727
1856,86.33393096923828,1.5531728267669678
1857,38.11846160888672,0.8878660202026367
1858,19.984344482421875,1.440500259399414
1859,66.62382507324219,4.602216720581055
1860,16.498849868774414,0.572884202003479
1861,23.884477615356445,0.5958309769630432
1862,24.860204696655273,0.7662785053253174
1863,82.43101501464844,4.637232780456543
1864,22.979660034179688,4.347969055175781
1865,49.26930236816406,0.8041223287582397
1866,45.275211334228516,1.166365385055542
1867,27.772918701171875,0.6223230361938477
1868,39.297119140625,0.5968106389045715
1869,78.60367584228516,5.489094257354736
1870,9.126230239868164,0.811698317527771
1871,23.529712677001953,0.5012224912643433
1872,23.41643524169922,4.5918049812316895
1873,29.725919723510742,1.129636526107788
1874,43.70652389526367,0.7296390533447266
1875,37.31090545654297,0.6120211482048035
1876,20.307098388671875,2.157634735107422
1877,23.711790084838867,0.5215552449226379
1878,30.735939025878906,0.8512487411499023
1879,43.35460662841797,0.733181357383728
1880,18.70191764831543,4.412169933319092
1881,33.322940826416016,0.9180376529693604
1882,65.72430419921875,4.61892557144165
1883,26.76966094970703,0.5140333771705627
1884,22.307743072509766,0.8801001906394958
1885,21.81690216064453,0.5463439226150513
1886,25.09175682067871,4.010581016540527
1887,22.99322509765625,0.930732786655426
1888,42.467857360839844,0.7708199620246887
1889,50.71230697631836,3.660151243209839
1890,31.118621826171875,1.4646341800689697
1891,51.86463165283203,3.5734457969665527
1892,34.89142608642578,0.9068095088005066
1893,68.22425079345703,8.392794609069824
1894,14.255905151367188,1.082632064819336
