participant,trigger,x,y,z,gx,gy,target,difference,side,angle_p,angle_g,l_g,l_p,cond,sgb,sgm,sgc,f_b,f_m,f_c,h_B_w,distance,dense_column,VS left,VS right,Height,DomHand,regularity,Geschlecht,r_l,regularity_updated
17,2.0,-0.31450161,-0.10145838,-0.2426948133333333,272.8533333333333,150.84666666666666,10.47058174719632,18.665618286897725,0.5,38.0,19.334381713102275,3.0,2.6,1.0,1.1,0.4000000000000001,1.5,2.0,1.0,3.0,1.5414902519994012,near,dense,0.0,0.0,120,2,1,1,1.0,1
17,6.0,-0.3181765866666666,-0.1106477333333333,-0.2570520533333333,196.01666666666668,234.33,10.463084991330977,25.110262941763835,0.5,39.0,13.889737058236165,7.099999999999999,2.3,1.0,1.3,0.9,4.9,2.0,2.0,4.0,1.6116750212264292,near,dense,0.0,0.0,120,2,1,1,1.0,1
17,7.0,-0.31670616,-0.09805203,-0.2769134733333333,413.2433333333333,5.586666666666663,12.824885165105153,13.0509190433799,0.5,42.333333333333336,29.28241428995344,6.0,2.4,1.0,0.0,0.4000000000000001,5.599999999999999,0.0,1.0,4.0,1.5537205811999684,near,dense,0.0,0.0,120,2,1,1,1.0,1
17,17.0,-0.3414466366666667,-0.1053466366666666,-0.2729159466666667,178.4366666666667,140.55666666666664,11.79872858729902,19.35598138824181,0.5,32.0,12.644018611758185,8.9,2.9,1.0,2.6,3.2000000000000006,3.1,2.0,2.0,5.0,1.4819140402385012,near,dense,0.0,0.0,120,2,1,1,1.0,1
17,20.0,-0.2452219266666666,-0.18547675,-0.2744422033333333,-337.25666666666666,107.67666666666668,-15.114175052289925,8.89800061799439,-0.5,-15.0,-23.898000617994388,3.1,2.4,1.0,2.0,1.1,0.0,1.0,1.0,0.0,2.304978273981104,near,dense,0.0,0.0,120,2,1,1,1.0,1
17,23.0,-0.2352229466666666,-0.1801478766666666,-0.2779353333333333,-253.1833333333333,249.86666666666667,-14.143938283623893,2.9405659086527947,-0.5,-15.0,-17.940565908652797,3.1,2.2,1.0,2.5,0.6,0.0,2.0,1.0,0.0,2.0818158790446133,near,dense,0.0,0.0,120,2,1,1,1.0,1
17,24.0,-0.31674385,-0.1630000266666666,-0.26279096,116.93666666666668,132.52333333333334,3.8509453027314335,9.71387015151802,0.5,18.0,8.28612984848198,6.2,2.2,1.0,2.6,0.9,2.7000000000000006,2.0,1.0,2.0,1.190680037677594,near,dense,0.0,0.0,120,2,1,1,1.0,1
17,26.0,-0.3276991416666666,0.037712255,-0.2165327483333333,517.2483333333333,288.92333333333335,20.79091607108545,5.146145452883293,0.5,41.333333333333336,36.18718788045004,4.7,2.7000000000000006,2.0,0.0,1.3999999999999997,3.2999999999999994,0.0,2.0,3.0,3.730660466611475,far,dense,0.0,0.0,120,2,1,1,1.0,1
17,28.0,-0.29980104,-0.3358070666666666,-0.2373282633333333,-461.7266666666667,365.55,-20.04159312407861,11.384608981652752,-0.5,-21.33333333333333,-32.71794231498608,2.1,1.2,2.0,1.5,0.6,0.0,2.0,1.0,0.0,2.396952292617148,far,dense,0.0,0.0,120,2,1,1,1.0,1
17,32.0,-0.3543496233333333,-0.05659563,-0.21052831,223.61666666666665,234.61666666666665,14.190545761178871,10.15452749678135,0.5,26.0,15.84547250321865,9.6,1.5,2.0,6.0,1.3999999999999997,2.2,4.0,1.0,2.0,2.480913658854624,far,dense,0.0,0.0,120,2,1,1,1.0,1
17,33.0,-0.36703719,-0.06369534,-0.2128082366666666,404.3,105.21333333333332,13.371472529803851,12.351310130202128,0.5,41.0,28.64868986979788,4.9,3.4,2.0,1.1,0.6999999999999998,3.1,1.0,1.0,3.0,2.3868047291906875,far,dense,0.0,0.0,120,2,1,1,1.0,1
17,42.0,-0.24754665,-0.1574323466666666,-0.29918321,-270.9833333333333,220.6266666666667,-16.812380485481288,4.201873550706721,-0.5,-15.0,-19.20187355070672,4.0,2.9,2.0,3.5,0.0,0.5,2.0,0.0,1.0,2.1881214743066755,far,dense,0.0,0.0,120,2,1,1,1.0,1
17,44.0,-0.2412149766666667,-0.22656549,-0.27245731,-408.71,2649.69,-21.283070402186176,13.961182381115732,-0.5,-15.0,-28.96118238111573,3.0,0.6,2.0,2.1,0.0,0.9,3.0,0.0,1.0,2.7844382716501115,far,dense,0.0,0.0,120,2,1,1,1.0,1
17,47.0,-0.2705162266666667,-0.22112164,-0.27869431,-53.586666666666666,191.34,-12.94854358786497,-10.202849877591966,-0.5,-14.0,-3.797150122408036,9.6,3.5,2.0,6.400000000000001,0.0,3.2000000000000006,1.0,0.0,4.0,1.6390638720789257,far,dense,0.0,0.0,120,2,1,1,1.0,1
17,51.0,-0.42133653,-0.3753613833333333,-0.5414248133333334,-87.14333333333332,228.91333333333336,-30.334779334188607,-17.82502515239405,-0.5,-24.0,-6.174974847605951,5.2,0.6999999999999998,3.0,2.5,0.0,2.7000000000000006,4.0,0.0,1.0,7.494515416196097,near,non_dense,0.0,0.0,120,2,1,1,1.0,1
17,53.0,-0.2485091033333333,-0.23118803,-0.2886006633333333,-281.63,162.78666666666663,-17.1549569309207,3.9562961366093865,-0.5,-16.0,-19.956296136609385,5.0,2.7999999999999994,3.0,1.3,1.6000000000000003,2.1,1.0,1.0,3.0,4.827214752460163,near,non_dense,0.0,0.0,120,2,1,1,1.0,1
17,59.0,-0.3286032166666666,-0.1299187566666666,-0.2373862866666666,176.57333333333335,120.31333333333332,9.772344579226546,25.48801715077143,0.5,38.0,12.511982849228565,8.1,2.6,3.0,5.2,0.0,2.9,3.0,0.0,2.0,3.6770430512021854,near,non_dense,0.0,0.0,120,2,1,1,1.0,1
17,73.0,-0.3159691699999999,-0.17280257,-0.26723058,106.07333333333334,-18.536666666666672,5.542341975951423,10.483645733063668,0.5,18.0,7.516354266936335,7.5,1.2,4.0,0.0,0.0,7.5,0.0,0.0,7.0,2.138827657815954,far,non_dense,0.0,0.0,120,2,1,1,1.0,1
17,82.0,-0.3304749133333333,-0.1219255233333333,-0.29633523,240.0133333333333,-93.31666666666666,8.734202350292428,10.992660026507329,0.5,28.0,17.007339973492673,5.1,2.5,4.0,0.0,0.0,5.1,0.0,0.0,7.0,3.0276371856021185,far,non_dense,0.0,0.0,120,2,1,1,1.0,1
17,83.0,-0.3216062066666666,-0.0917237666666666,-0.2944623633333333,288.69,-165.36333333333334,10.69137061290501,20.54343240536248,0.5,41.0,20.45656759463752,5.400000000000001,3.2999999999999994,4.0,0.5,1.0,3.9,1.0,2.0,3.0,3.577363640477824,far,non_dense,0.0,0.0,120,2,1,1,1.0,1
17,85.0,-0.3117811966666666,-0.1150959433333333,-0.2733676233333333,141.51333333333335,-16.07333333333334,7.946584803014582,23.97236804573832,0.5,34.0,10.02763195426168,8.6,2.0,4.0,3.1,0.4000000000000001,5.1,2.0,1.0,6.0,2.8389351372951244,far,non_dense,0.0,0.0,120,2,1,1,1.0,1
17,87.0,-0.3081591433333333,-0.1105980433333333,-0.2875842466666666,313.4066666666667,-111.54,10.772169545923536,15.79200990239809,0.5,38.0,22.207990097601908,5.2,2.5,4.0,3.5,0.5,1.2,1.0,1.0,1.0,3.985399328528724,far,non_dense,0.0,0.0,120,2,1,1,1.0,1
17,89.0,-0.3207131733333333,-0.1180919633333333,-0.2656482866666667,77.5,173.40333333333334,6.769629371739307,18.84168489180641,0.5,24.33333333333333,5.491648441526924,6.2,2.3,4.0,0.0,1.8,4.4,0.0,1.0,4.0,3.3859540349708848,far,non_dense,0.0,0.0,120,2,1,1,1.0,1
17,90.0,-0.3294635733333333,-0.1424156433333333,-0.2535815333333333,134.20000000000002,140.64,7.398857112568964,10.490590698672088,0.5,20.0,9.509409301327912,5.8,1.8,4.0,4.5,0.6999999999999998,0.6,4.0,1.0,1.0,2.927181844256573,far,non_dense,0.0,0.0,120,2,1,1,1.0,1
17,93.0,-0.31314676,-0.19726066,-0.2485430433333333,-173.13666666666666,28.44,-6.866271487782403,1.9351273850042967,-0.5,-10.333333333333334,-12.26846071833763,7.400000000000001,1.1,4.0,3.5,0.0,3.9,2.0,0.0,5.0,2.3513781741235262,far,non_dense,0.0,0.0,120,2,1,1,1.0,1
17,95.0,-0.3130171666666667,-0.1185944366666666,-0.2545037366666666,249.35333333333327,-94.16666666666669,11.651214361563722,20.330827814328472,0.5,38.0,17.669172185671524,7.2,2.3,4.0,1.8,0.0,5.400000000000001,1.0,0.0,2.0,4.383630686327542,far,non_dense,0.0,0.0,120,2,1,1,1.0,1
68,2.0,-0.3728145466666666,-0.1051268166666666,-0.2330986833333333,388.3133333333333,-78.39999999999999,12.333876483172048,-9.10954747743085,0.5,21.33333333333333,30.442880810764184,6.0,3.2000000000000006,1.0,0.4000000000000001,1.3,4.3,1.0,1.0,3.0,1.8075342914052988,near,dense,0.0,0.0,118,2,1,1,1.0,1
68,3.0,-0.37158965,-0.3798393166666667,-0.2607745566666666,-299.18666666666667,-26.19333333333333,-17.683954515819806,0.4555531619735789,-0.5,-23.0,-23.45555316197358,2.3,2.6,1.0,1.9,0.4000000000000001,0.0,2.0,1.0,0.0,3.685288267278801,near,dense,0.0,0.0,118,2,1,1,1.0,1
68,6.0,-0.36659498,-0.10517692,-0.2435806866666666,389.8633333333334,-57.32666666666668,12.20233496328575,-6.897730613417868,0.5,23.666666666666668,30.56439728008453,6.599999999999999,4.9,1.0,0.0,6.599999999999999,0.0,0.0,3.0,0.0,1.8272317434234724,near,dense,0.0,0.0,118,2,1,1,1.0,1
68,20.0,-0.2800828733333333,-0.3521923433333333,-0.28903542,-344.99333333333334,-102.81666666666666,-16.210066542159275,6.046691487565636,-0.5,-21.0,-27.046691487565635,1.2,4.0,1.0,0.8000000000000002,0.4000000000000001,0.0,2.0,1.0,0.0,2.6164552565069403,near,dense,0.0,0.0,118,2,1,1,1.0,1
68,21.0,-0.3529224933333333,-0.3748957316666666,-0.3585045616666666,-518.5133333333333,-143.9466666666667,-20.28566160934199,12.15026423367394,-0.5,-28.5,-40.65026423367394,0.6,0.5,1.0,0.6,0.0,0.0,1.0,0.0,0.0,3.237875066489803,near,dense,0.0,0.0,118,2,1,1,1.0,1
68,23.0,-0.2855493344444444,-0.3442710744444445,-0.2765736566666666,-393.2088888888889,-145.99333333333334,-16.092827736982503,8.160014548273487,-0.5,-22.666666666666668,-30.82668121494016,0.8,0.4,1.0,0.8,0.0,0.0,2.0,0.0,0.0,2.5161729948152374,near,dense,0.0,0.0,118,2,1,1,1.0,1
68,24.0,-0.3505549533333333,-0.1792122416666667,-0.232206595,189.3361111111111,-145.96333333333334,4.526596266463772,-8.176853163700114,0.5,6.666666666666667,14.84351983036678,5.6,0.4,1.0,2.4,0.0,3.2,3.0,0.0,4.0,1.3676173233539002,near,dense,0.0,0.0,118,2,1,1,1.0,1
68,76.0,-0.3236454833333333,-0.3098167266666666,-0.23563819,-146.16,-139.19333333333333,-6.997434106400445,-3.541388931701307,-0.5,-15.0,-11.458611068298694,6.2,3.9,4.0,4.7,0.8000000000000002,0.6999999999999998,2.0,1.0,1.0,2.2459552646917107,far,non_dense,0.0,0.0,118,2,1,1,1.0,1
68,90.0,-0.34200844,-0.19156363,-0.2256381233333333,225.42666666666665,-136.89,6.815273744038575,-2.3396038434342272,0.5,15.333333333333334,17.67293717676756,9.4,4.6,4.0,6.3,2.6,0.5,2.0,1.0,1.0,2.663612989497252,far,non_dense,0.0,0.0,118,2,1,1,1.0,1
68,93.0,-0.27694157,-0.30995213,-0.26720473,-126.97333333333331,-113.17666666666666,-6.235810563994547,-21.378913227202293,-0.5,-31.33333333333333,-9.95442010613104,7.599999999999999,0.8000000000000002,4.0,2.5,0.0,5.1,1.0,0.0,2.0,2.261417642065647,far,non_dense,0.0,0.0,118,2,1,1,1.0,1
31,2.0,-0.1912740133333333,0.0632878266666666,-0.45226377,0.0,0.0,9.372863687321663,2.6666666666666665,0.5,2.6666666666666665,0.0,4.7,0.5,1.0,1.3999999999999997,0.0,3.2999999999999994,1.0,0.0,5.0,1.373938864334728,near,dense,0.0,0.0,125,2,2,2,0.5,2
31,8.0,-0.3925479566666667,-0.0831626133333333,-0.2642340433333333,17.73333333333331,-93.47666666666667,14.108704458946724,22.70691028182468,0.5,24.0,1.2930897181753285,4.3,0.5,1.0,2.2,0.0,2.1,3.0,0.0,4.0,2.0678557002279567,near,dense,0.0,0.0,125,2,2,2,0.5,2
31,10.0,-0.37241905,-0.0615596633333333,-0.26947231,457.1366666666667,-137.99666666666667,18.515464234754106,-1.3337626015569508,0.5,32.0,33.33376260155695,2.3,0.6999999999999998,1.0,0.0,0.6,1.7,0.0,1.0,3.0,2.9959354281464363,near,dense,0.0,0.0,125,2,2,2,0.5,2
31,11.0,-0.36216425,-0.0378744133333333,-0.2559315866666666,516.0366666666667,439.23333333333335,23.31651119576789,0.0379989297416566,0.5,37.66666666666666,37.62866773692501,1.6000000000000003,0.4000000000000001,1.0,0.0,0.0,1.6000000000000003,0.0,0.0,2.0,3.816309705505271,near,dense,0.0,0.0,125,2,2,2,0.5,2
31,16.0,-0.40470329,-0.0537698066666666,-0.24783307,365.3333333333333,45.806666666666665,16.378813369067554,-3.9729260235619406,0.5,22.666666666666668,26.639592690228607,2.3,0.6,1.0,1.6000000000000003,0.0,0.6999999999999998,2.0,0.0,1.0,2.6983306024238423,near,dense,0.0,0.0,125,2,2,2,0.5,2
31,19.0,-0.3760880033333333,-0.09352363,-0.2801879933333333,291.67,457.2033333333334,14.960047621817267,3.731833941718127,0.5,25.0,21.268166058281874,1.0,0.6999999999999998,1.0,1.0,0.0,0.0,1.0,0.0,0.0,2.986480188651394,near,dense,0.0,0.0,125,2,2,2,0.5,2
31,23.0,-0.4183100566666666,-0.2999257433333333,-0.2608500633333333,-305.38666666666666,52.836666666666666,-12.388251432863685,8.60169942738428,-0.5,-13.666666666666666,-22.268366094050947,2.4,0.5,1.0,0.9,0.0,1.5,1.0,0.0,3.0,1.826440430660493,near,dense,0.0,0.0,125,2,2,2,0.5,2
31,24.0,-0.42120398,-0.1643017966666666,-0.2519791733333333,32.21333333333333,106.5,4.221867271284743,6.651049053299552,0.5,9.0,2.348950946700449,5.8,0.6999999999999998,1.0,1.8,0.0,4.0,2.0,0.0,5.0,1.2158917112403038,near,dense,0.0,0.0,125,2,2,2,0.5,2
31,25.0,-0.3700416566666666,-0.0783963133333333,-0.27870958,493.5533333333333,109.81666666666668,19.5224408610789,-26.32254803471461,0.5,9.666666666666666,35.989214701381286,1.3,0.6999999999999998,2.0,1.3,0.0,0.0,2.0,0.0,0.0,3.2861834426219207,far,dense,0.0,0.0,125,2,2,2,0.5,2
31,33.0,-0.4030484166666666,-0.1133080266666666,-0.27072337,392.7766666666666,-150.6966666666667,12.278539786835436,15.025944718968605,0.5,43.66666666666666,28.64072194769805,5.8,0.6999999999999998,2.0,0.5,0.0,5.3,1.0,0.0,6.0,2.1143677671779337,far,dense,0.0,0.0,125,2,2,2,0.5,2
31,35.0,-0.36465918,-0.0846694566666666,-0.2528788166666667,94.80666666666669,-23.840000000000003,19.49950019613628,16.753497913970662,0.5,23.666666666666668,6.913168752696006,2.7000000000000006,0.4000000000000001,2.0,1.5,0.0,1.2,3.0,0.0,2.0,3.3706048357258034,far,dense,0.0,0.0,125,2,2,2,0.5,2
31,48.0,-0.4595973299999999,-0.2359620333333333,-0.2401190033333333,-321.57666666666665,-120.56000000000002,-4.758209410177165,17.88987556949725,-0.5,-5.0,-22.88987556949725,5.8,0.5,2.0,2.2,0.0,3.6,2.0,0.0,4.0,1.2384033304401296,far,dense,0.0,0.0,125,2,2,2,0.5,2
31,51.0,-0.40727179,-0.2933556966666666,-0.25026955,-136.49666666666664,-35.75666666666666,-15.475615726025255,-2.7135217663731344,-0.5,-12.666666666666666,-9.953144900293532,2.4,0.4000000000000001,3.0,1.3999999999999997,0.0,1.0,1.0,0.0,1.0,4.575851005182098,near,non_dense,0.0,0.0,125,2,2,2,0.5,2
31,52.0,-0.4058405949999999,-0.3300767866666667,-0.3358328683333333,-330.18333333333334,31.866666666666674,-28.19555167045272,7.409837475035837,-0.5,-16.666666666666668,-24.076504141702504,8.2,0.4000000000000001,3.0,4.9,0.0,3.2999999999999994,1.0,0.0,3.0,9.574532184984529,near,non_dense,0.0,0.0,125,2,2,2,0.5,2
31,53.0,-0.38010927,-0.37960663,-0.4268861033333333,-226.1,-45.80333333333334,-41.53067978590264,-4.513106093264542,-0.5,-21.0,-16.486893906735457,2.1,0.6999999999999998,3.0,1.2,0.0,0.9,2.0,0.0,1.0,9.77879802371527,near,non_dense,0.0,0.0,125,2,2,2,0.5,2
31,55.0,-0.4090643716666666,-0.3152444066666666,-0.3327572466666667,-189.765,-85.075,-7.2190052271640255,-0.8292698413165797,-0.5,-14.666666666666666,-13.837396825350089,8.9,0.4000000000000001,3.0,1.0,0.0,7.900000000000001,1.0,0.0,6.0,2.8604712066863844,near,non_dense,0.0,0.0,125,2,2,2,0.5,2
31,73.0,-0.4258132599999999,-0.1338603866666666,-0.2373223266666666,196.54666666666665,434.69000000000005,6.354026396605295,-7.665239751094643,0.5,6.666666666666667,14.33190641776131,10.0,0.6,4.0,0.9,0.4000000000000001,8.7,1.0,1.0,8.0,2.1935664816125406,far,non_dense,0.0,0.0,125,2,2,2,0.5,2
31,93.0,-0.4306622533333333,-0.26466937,-0.2395189566666666,-253.0833333333333,-80.19666666666667,-6.326511165434499,8.787813944698359,-0.5,-9.666666666666666,-18.454480611365025,5.599999999999999,0.4000000000000001,4.0,1.5,0.0,4.1,2.0,0.0,4.0,2.194257868068539,far,non_dense,0.0,0.0,125,2,2,2,0.5,2
66,5.0,-0.3136344433333333,-0.10449085,-0.2097572366666666,171.77333333333334,118.28333333333332,25.899019304607545,23.7473918865228,0.5,37.0,13.2526081134772,4.1,8.0,1.0,3.0,1.1,0.0,3.0,2.0,0.0,4.297214235632668,near,dense,1.0,1.5,113,2,2,1,0.5,2
66,7.0,-0.3043551933333333,-0.0899414566666666,-0.20159611,948.9,-9.606666666666664,16.10099673973536,-18.95985060529874,0.5,42.333333333333336,61.29318393863207,6.099999999999999,6.400000000000001,1.0,2.7999999999999994,2.4,0.9,3.0,3.0,1.0,2.200801856347604,near,dense,1.0,1.5,113,2,2,1,0.5,2
66,8.0,-0.2891460066666667,-0.081202,-0.1963636033333333,358.42333333333335,-143.37,20.09127190429943,17.347023352133384,0.5,45.0,27.65297664786662,6.3,6.0,1.0,2.9,3.4,0.0,4.0,2.0,0.0,3.145860535732813,near,dense,1.0,1.5,113,2,2,1,0.5,2
66,10.0,-0.2840275766666666,-0.0050936666666666,-0.1928386233333333,351.22333333333336,-131.41,30.124341296530314,17.902515735994097,0.5,45.0,27.0974842640059,2.2,5.0,1.0,1.0,0.6,0.6,2.0,1.0,1.0,5.1105339936351415,near,dense,1.0,1.5,113,2,2,1,0.5,2
66,13.0,-0.3374572266666666,-0.10108745,-0.2017283483333333,166.32666666666668,-33.06499999999999,10.034310050331207,15.667611588017438,0.5,28.5,12.832388411982558,4.9,7.099999999999999,1.0,0.0,0.0,4.9,0.0,0.0,7.0,1.6520239061050936,near,dense,1.0,1.5,113,2,2,1,0.5,2
66,16.0,-0.3405578133333333,-0.1034116833333333,-0.2006726833333333,351.18,90.32,31.44395775939233,4.905858977193266,0.5,32.0,27.09414102280673,5.5,6.400000000000001,1.0,3.9,1.6000000000000003,0.0,3.0,2.0,0.0,5.532185777776223,near,dense,1.0,1.5,113,2,2,1,0.5,2
66,30.0,-0.2965331,-0.12470431,-0.1954548533333333,383.3866666666667,105.6,20.55714627250758,11.421059249016272,0.5,41.0,29.57894075098373,8.3,6.2,2.0,3.4,4.3,0.6,5.0,3.0,1.0,3.5944720890457056,far,dense,1.0,1.5,113,2,2,1,0.5,2
66,43.0,-0.2205529066666667,-0.40716056,-0.2491681966666666,-208.1533333333333,-63.05333333333332,-37.47124821775617,-28.94061231362654,-0.5,-45.0,-16.05938768637346,3.1,1.2,2.0,3.1,0.0,0.0,3.0,0.0,0.0,5.635897655210965,far,dense,1.0,1.5,113,2,2,1,0.5,2
66,44.0,-0.2756425722222222,-0.3912412788888889,-0.2382459455555555,-187.4,-0.9111111111111162,-28.90011151510109,-20.43065656451397,-0.5,-34.888888888888886,-14.458232324374912,2.9,0.6,2.0,1.4,0.0,1.5,1.0,0.0,2.0,4.078031353318357,far,dense,1.0,1.5,113,2,2,1,0.5,2
66,45.0,-0.3151662066666666,-0.3523477399999999,-0.2224242,-297.55333333333334,-35.94,-27.433124014351858,7.956751452644094,-0.5,-15.0,-22.95675145264409,6.099999999999999,6.900000000000001,2.0,5.599999999999999,0.5,0.0,3.0,1.0,0.0,3.8990351979436295,far,dense,1.0,1.5,113,2,2,1,0.5,2
66,51.0,-0.28488045,-0.3199077533333334,-0.2282835433333333,-224.03333333333333,-84.05666666666667,-29.019157981437843,2.284556999666276,-0.5,-15.0,-17.284556999666275,2.5,2.0,3.0,2.5,0.0,0.0,2.0,0.0,0.0,7.211010194084735,near,non_dense,1.0,1.5,113,2,2,1,0.5,2
66,57.0,-0.3046371483333334,-0.1304509466666666,-0.2164544133333333,75.10833333333332,-58.52666666666668,7.984410055552833,25.705262898452904,0.5,31.5,5.794737101547095,8.3,4.0,3.0,3.0,3.6,1.7,4.0,3.0,2.0,2.874074151291859,near,non_dense,1.0,1.5,113,2,2,1,0.5,2
66,64.0,-0.28991479,-0.3422127666666667,-0.23664232,-206.04,147.33333333333334,-49.647934093230354,-10.10365961518566,-0.5,-26.0,-15.896340384814344,9.0,9.5,3.0,6.7,2.3,0.0,6.0,3.0,0.0,13.356790018948011,near,non_dense,1.0,1.5,113,2,2,1,0.5,2
66,69.0,-0.3159880533333333,-0.10284362,-0.2047667333333333,910.38,252.81333333333336,35.228311184643594,-18.80724181180464,0.5,41.0,59.80724181180464,5.400000000000001,4.6,3.0,3.9,0.9,0.6,4.0,1.0,1.0,11.417639022079882,near,non_dense,1.0,1.5,113,2,2,1,0.5,2
66,71.0,-0.25075034,-0.3600240033333333,-0.2500196733333333,-156.00333333333336,15.79,-20.88762210976828,-20.964074510617746,-0.5,-33.0,-12.035925489382256,5.3,4.3,3.0,3.1,2.2,0.0,4.0,3.0,0.0,6.249290260954162,near,non_dense,1.0,1.5,113,2,2,1,0.5,2
66,88.0,-0.29321119,-0.1610305566666666,-0.2258732133333333,261.6666666666667,-187.3166666666667,43.96401216331397,-0.188033394938292,0.5,20.0,20.18803339493829,5.400000000000001,4.1,4.0,4.8,0.6,0.0,5.0,1.0,0.0,13.659231388533913,far,non_dense,1.0,1.5,113,2,2,1,0.5,2
66,90.0,-0.31010919,-0.2338999266666666,-0.2244152466666666,178.48833333333334,-18.20333333333333,5.36230747618502,-3.270681913147302,0.5,10.5,13.770681913147302,4.6,3.7000000000000006,4.0,1.6000000000000003,1.3,1.7,3.0,1.0,3.0,2.170583924213954,far,non_dense,1.0,1.5,113,2,2,1,0.5,2
18,6.0,-0.3662724599999999,-0.1094165133333333,-0.2460001233333333,589.2633333333333,453.3733333333333,10.76985735395736,-20.53481911775958,0.5,26.33333333333333,46.86815245109292,5.2,1.3999999999999997,1.0,0.5,0.0,4.7,1.0,0.0,2.0,1.6124491522498263,near,dense,0.0,0.0,117,2,3,1,0.01,3
18,24.0,-0.3340737099999999,-0.18982339,-0.2456623333333333,39.9533333333333,-217.95666666666668,3.832595864794231,4.822237509665745,0.5,8.0,3.177762490334255,8.1,0.6,1.0,1.7,0.0,6.400000000000001,1.0,0.0,2.0,1.167756143126337,near,dense,0.0,0.0,117,2,3,1,0.01,3
18,37.0,-0.3323998933333333,-0.11410818,-0.2379826,343.95,-196.37,13.831084934194743,17.64329863464539,0.5,45.0,27.35670136535461,1.6000000000000003,0.6,2.0,0.0,0.0,1.6000000000000003,0.0,0.0,2.0,2.511435376000056,far,dense,0.0,0.0,117,2,3,1,0.01,3
18,39.0,-0.3334177266666667,-0.1071010966666666,-0.2334252733333333,355.8066666666667,-198.68666666666664,13.606036172806585,15.36692332082491,0.5,43.66666666666666,28.29974334584176,4.8,0.8000000000000002,2.0,0.0,0.0,4.8,0.0,0.0,3.0,2.468216739214653,far,dense,0.0,0.0,117,2,3,1,0.01,3
18,42.0,-0.2774891466666667,-0.2468550933333333,-0.2663543633333333,-382.19000000000005,-109.13666666666668,-14.896696134064833,15.398190710349985,-0.5,-15.0,-30.398190710349983,1.6000000000000003,0.6,2.0,0.0,0.0,1.6000000000000003,0.0,0.0,2.0,1.932141494616139,far,dense,0.0,0.0,117,2,3,1,0.01,3
18,47.0,-0.27218917,-0.30103742,-0.2616438066666666,-298.59666666666664,-114.17666666666666,-10.72965507480228,2.749439856637112,-0.5,-21.0,-23.74943985663711,2.1,0.8000000000000002,2.0,0.0,0.4000000000000001,1.7,0.0,1.0,3.0,1.4858664356858051,far,dense,0.0,0.0,117,2,3,1,0.01,3
18,48.0,-0.2989941233333333,-0.2457678133333333,-0.2472465,-162.33,-149.61666666666667,-4.630924672021966,0.244551047065021,-0.5,-12.666666666666666,-12.911217713731688,7.599999999999999,0.9,2.0,1.5,0.4000000000000001,5.7,1.0,1.0,3.0,1.2587838653787324,far,dense,0.0,0.0,117,2,3,1,0.01,3
18,54.0,-0.3609701866666666,-0.1460746133333333,-0.23709647,158.57000000000002,-169.73,7.138815387121948,1.3878408620314573,0.5,14.0,12.612159137968542,6.8,0.6999999999999998,3.0,0.0,0.0,6.8,0.0,0.0,6.0,3.801740579255629,near,non_dense,0.0,0.0,117,2,3,1,0.01,3
18,57.0,-0.4042248433333333,-0.14568311,-0.21637229,187.01,-180.67666666666665,7.02513924111559,-5.874187301453599,0.5,9.0,14.874187301453595,9.5,1.1,3.0,3.6,0.0,5.900000000000001,1.0,0.0,6.0,2.555340326528867,near,non_dense,0.0,0.0,117,2,3,1,0.01,3
18,59.0,-0.3889466333333333,-0.14920851,-0.2158322233333333,115.37666666666668,-167.54666666666665,7.184343815245771,3.156636096728992,0.5,12.333333333333334,9.176697236604342,9.3,0.8000000000000002,3.0,1.7,1.6000000000000003,6.0,1.0,1.0,6.0,2.5485343303068,near,non_dense,0.0,0.0,117,2,3,1,0.01,3
18,72.0,-0.2842682666666666,-0.2016454566666666,-0.2812193533333333,-318.54,-138.61,-13.1458099318508,15.00233653996237,-0.5,-10.333333333333334,-25.335669873295704,4.6,0.5,3.0,1.3999999999999997,0.0,3.2000000000000006,1.0,0.0,5.0,4.199697195919899,near,non_dense,0.0,0.0,117,2,3,1,0.01,3
18,74.0,-0.3549302199999999,-0.12957026,-0.2255830766666666,167.80000000000004,-201.53,7.106672166438308,1.9870490213504768,0.5,15.333333333333334,13.346284311982856,6.099999999999999,1.1,4.0,2.2,0.0,3.9,1.0,0.0,6.0,2.45670242914602,far,non_dense,0.0,0.0,117,2,3,1,0.01,3
18,76.0,-0.3102221599999999,-0.2366532666666666,-0.23846346,-186.3033333333333,-85.52333333333333,-6.514044085964554,-0.1820187429274173,-0.5,-15.0,-14.817981257072583,7.400000000000001,0.6,4.0,2.2,0.0,5.2,1.0,0.0,6.0,2.2181231318240164,far,non_dense,0.0,0.0,117,2,3,1,0.01,3
18,77.0,-0.2578090233333333,-0.2135100899999999,-0.2318889466666666,-180.78666666666663,-153.74000000000004,-6.899330180542368,1.379202938909459,-0.5,-13.0,-14.379202938909458,9.2,1.0,4.0,2.0,1.3,5.900000000000001,1.0,1.0,6.0,2.145770593978703,far,non_dense,0.0,0.0,117,2,3,1,0.01,3
18,85.0,-0.3874330033333333,-0.1496468333333333,-0.2250596,497.9066666666668,334.31666666666666,6.563518740319062,-27.26859714440809,0.5,12.333333333333334,39.60193047774143,8.8,0.6999999999999998,4.0,0.0,1.3,7.5,0.0,1.0,5.0,2.4251302041929743,far,non_dense,0.0,0.0,117,2,3,1,0.01,3
18,89.0,-0.3876548333333333,-0.1231786666666666,-0.2305218433333333,149.10000000000002,-237.28333333333333,6.868352641158047,1.1410548813072463,0.5,13.0,11.858945118692754,3.0,0.6,4.0,0.0,0.0,3.0,0.0,0.0,6.0,3.304693381383761,far,non_dense,0.0,0.0,117,2,3,1,0.01,3
18,92.0,-0.28170973,-0.2105609666666666,-0.2203992266666666,-245.25,-176.5233333333333,-5.783797637966707,6.50641375157208,-0.5,-13.0,-19.50641375157208,9.7,1.1,4.0,0.5,0.6999999999999998,8.5,1.0,1.0,6.0,1.9372964644549853,far,non_dense,0.0,0.0,117,2,3,1,0.01,3
18,93.0,-0.30467527,-0.23474032,-0.25093787,-229.53666666666663,-203.2033333333333,-5.918129599439347,6.923291299313696,-0.5,-11.333333333333334,-18.25662463264703,9.4,0.6999999999999998,4.0,0.8000000000000002,1.7,6.900000000000001,1.0,1.0,5.0,2.221311238146537,far,non_dense,0.0,0.0,117,2,3,1,0.01,3
27,11.0,-0.3573598366666666,0.0673755766666666,-0.19324762,587.4399999999999,46.96999999999999,25.292181458235007,-0.1551813974558791,0.5,45.0,45.15518139745589,5.1,1.0,1.0,1.5,0.6,3.0,1.0,1.0,4.0,4.188031978930749,near,dense,-1.0,-1.0,99,2,3,2,0.01,3
27,28.0,-0.2929500444444444,-0.3059054311111111,-0.4054666588888889,-367.4166666666667,-20.930000000000007,-22.378183383473367,7.686930880134753,-0.5,-20.55555555555556,-28.24248643569031,6.3,2.9,2.0,0.7,0.0,5.6,1.0,0.0,8.0,2.8788186581277904,far,dense,-1.0,-1.0,99,2,3,2,0.01,3
27,34.0,-0.3579871277777778,-0.15582252,-0.4631315299999999,187.5388888888889,21.016666666666666,16.888973710169452,-13.749022674976906,0.5,0.6666666666666666,14.415689341643574,9.8,0.4,2.0,1.9,0.0,7.900000000000001,2.0,0.0,9.0,3.0113579618119264,far,dense,-1.0,-1.0,99,2,3,2,0.01,3
27,35.0,-0.3807842688888889,-0.1479022222222222,-0.4655042833333333,147.07000000000002,81.46444444444445,35.22247710405588,-1.8604931289653288,0.5,9.444444444444445,11.304937573409774,6.2,0.8999999999999999,2.0,4.6,0.4,1.2,5.0,1.0,2.0,5.494702371044476,far,dense,-1.0,-1.0,99,2,3,2,0.01,3
27,36.0,-0.38287535,-0.1470778522222222,-0.3324804222222222,76.43666666666667,-43.91333333333333,26.05068103848792,2.490647633010157,0.5,9.444444444444445,6.953796811434289,3.6,1.1,2.0,0.8999999999999999,0.0,2.7,1.0,0.0,4.0,5.28258092454722,far,dense,-1.0,-1.0,99,2,3,2,0.01,3
27,47.0,-0.2266999822222222,-0.2399675344444444,-0.29206052,-57.35444444444445,93.97777777777776,-13.0384641705313,-5.192307605025402,-0.5,-10.0,-4.807692394974598,2.1,0.6,2.0,0.0,0.0,2.1,0.0,0.0,3.0,1.639599976958983,far,dense,-1.0,-1.0,99,2,3,2,0.01,3
27,50.0,-0.3762642316666666,-0.1438674483333333,-0.3881690166666667,150.5016666666667,-70.67833333333334,19.13484958178777,-9.568722012380452,0.5,2.0,11.568722012380452,5.1,1.2,3.0,0.0,0.9,4.2,0.0,2.0,3.0,6.62088651265196,near,non_dense,-1.0,-1.0,99,2,3,2,0.01,3
27,59.0,-0.4342920066666667,-0.1196581299999999,-0.2201393699999999,296.3333333333333,-45.39666666666667,8.786809902773747,-12.44513837574236,0.5,10.333333333333334,22.77847170907569,4.4,1.3,3.0,2.7000000000000006,0.0,1.7,4.0,0.0,2.0,3.035081719597535,near,non_dense,-1.0,-1.0,99,2,3,2,0.01,3
27,66.0,-0.35869828,-0.12791874,-0.1911517233333333,308.1266666666667,48.48000000000002,8.003783511917943,-7.351665180092304,0.5,16.333333333333332,23.68499851342564,8.6,1.2,3.0,0.0,2.3,6.3,0.0,2.0,5.0,3.61215188260771,near,non_dense,-1.0,-1.0,99,2,3,2,0.01,3
27,73.0,-0.3328787766666666,-0.1489745433333333,-0.2134620066666666,82.42333333333333,-98.68666666666668,6.0624174915312885,4.664305174912095,0.5,11.0,6.335694825087905,12.0,1.1,4.0,1.8,1.3,8.9,2.0,1.0,10.0,2.179905875704394,far,non_dense,-1.0,-1.0,99,2,3,2,0.01,3
27,74.0,-0.29520174,-0.1535422166666666,-0.2103412933333333,135.67666666666665,-140.31666666666666,8.277571355454727,8.237508804186263,0.5,18.666666666666668,10.429157862480404,8.8,1.3,4.0,2.7999999999999994,0.0,6.0,1.0,0.0,6.0,2.5918198803084063,far,non_dense,-1.0,-1.0,99,2,3,2,0.01,3
27,76.0,-0.2816964799999999,-0.2907010133333333,-0.2335103899999999,-444.8833333333334,-153.40666666666667,-7.427436698203032,18.84806590492882,-0.5,-15.0,-33.84806590492882,2.3,1.1,4.0,1.6000000000000003,0.0,0.6999999999999998,1.0,0.0,1.0,1.970256199174492,far,non_dense,-1.0,-1.0,99,2,3,2,0.01,3
27,78.0,-0.29050977,-0.16606879,-0.2125165866666666,282.20666666666665,-17.183333333333337,7.84855499715605,7.974079806894263,0.5,29.666666666666668,21.692586859772405,5.2,0.8000000000000002,4.0,1.1,0.0,4.1,2.0,0.0,6.0,2.7421409340978014,far,non_dense,-1.0,-1.0,99,2,3,2,0.01,3
27,83.0,-0.2859859466666666,-0.1590692966666666,-0.23058315,282.1066666666667,-89.64666666666666,9.711321939495798,10.31509991358274,0.5,32.0,21.68490008641725,8.0,0.5,4.0,1.9,1.1,5.0,2.0,1.0,2.0,3.62419108360112,far,non_dense,-1.0,-1.0,99,2,3,2,0.01,3
9,1.0,-0.1979009433333333,-0.3641260666666666,-0.2453602566666667,-227.77666666666664,-110.16666666666669,-10.346543643333334,-18.34672021333333,-0.5,-35.0,-16.65327978666667,5.1,1.1,1.0,1.8,0.0,3.2999999999999994,1.0,0.0,4.0,1.3920578553333334,near,dense,0.0,0.0,118,2,4,1,-0.5,6
9,3.0,-0.1857590133333333,-0.38529582,-0.2502337533333333,-349.7633333333333,-158.89666666666668,-13.58633453,-16.427992406666664,-0.5,-42.0,-25.572007593333336,0.9,1.3,1.0,0.9,0.0,0.0,2.0,0.0,0.0,2.6497147316666667,near,dense,0.0,0.0,118,2,4,1,-0.5,6
9,4.0,-0.22625752,-0.1860464866666666,-0.2194468366666666,329.2966666666667,-193.4433333333333,13.03489352,19.59102449,0.5,43.66666666666666,24.075642176666666,3.5,1.2,1.0,0.9,0.6999999999999998,1.9,1.0,1.0,3.0,1.9642965433333333,near,dense,0.0,0.0,118,2,4,1,-0.5,6
9,8.0,-0.18409434,-0.2271759033333333,-0.2611138799999999,339.1433333333334,-160.13333333333333,13.900970640000002,20.20444521,0.5,45.0,24.79555479,3.4,0.9,1.0,1.0,0.8000000000000002,1.6000000000000003,1.0,1.0,2.0,2.076598416,near,dense,0.0,0.0,118,2,4,1,-0.5,6
9,9.0,-0.1971256933333333,-0.1828310333333333,-0.2447269766666666,351.19666666666666,-78.03666666666666,16.15509365666667,-10.676801913333335,0.5,15.0,25.67680191333333,3.6,0.9,1.0,0.8000000000000002,1.1,1.7,1.0,1.0,2.0,2.472990282,near,dense,0.0,0.0,118,2,4,1,-0.5,6
9,13.0,-0.2089029,-0.2189096699999999,-0.2457928133333333,221.29666666666665,-95.65333333333336,11.175293756666669,28.820488026666663,0.5,45.0,16.179511973333334,7.400000000000001,1.3,1.0,3.0,0.0,4.4,2.0,0.0,4.0,1.730895564,near,dense,0.0,0.0,118,2,4,1,-0.5,6
9,14.0,-0.20659153,-0.2054780466666666,-0.2355183633333333,237.23666666666668,-119.40333333333336,11.910894276666667,18.655077693333336,0.5,36.0,17.344922306666664,2.5,1.3999999999999997,1.0,2.0,0.0,0.5,1.0,0.0,1.0,1.9533909566666663,near,dense,0.0,0.0,118,2,4,1,-0.5,6
9,17.0,-0.24250949,-0.1928900166666666,-0.2498441966666666,242.7033333333333,-155.10666666666663,11.622796453333336,18.25539703333333,0.5,36.0,17.744602966666665,2.7999999999999994,1.3,1.0,2.3,0.5,0.0,2.0,1.0,0.0,1.4397041096666667,near,dense,0.0,0.0,118,2,4,1,-0.5,6
9,24.0,-0.30478271,-0.2350873366666666,-0.2281117299999999,70.61,-133.77333333333334,4.376108894000001,6.504205985333333,0.5,11.666666666666666,5.162460681333333,7.3,1.1,1.0,1.5,0.0,5.8,2.0,0.0,5.0,1.1726091180000002,near,dense,0.0,0.0,118,2,4,1,-0.5,6
9,25.0,-0.24382139,-0.1666194,-0.2131892933333333,306.8666666666667,-203.03666666666663,15.217788606666668,-7.435732916666666,0.5,15.0,22.435732916666662,5.1,1.1,2.0,1.6000000000000003,0.0,3.5,2.0,0.0,5.0,2.638111174,far,dense,0.0,0.0,118,2,4,1,-0.5,6
9,26.0,-0.25196153,-0.1852472333333333,-0.2144108,281.2033333333333,-180.50666666666663,13.565402133333334,17.440572839999998,0.5,38.0,20.55942716,3.7000000000000006,1.3,2.0,1.8,0.0,1.9,1.0,0.0,3.0,2.2491080246666666,far,dense,0.0,0.0,118,2,4,1,-0.5,6
9,32.0,-0.2180056066666666,-0.2218582999999999,-0.2309953466666666,271.69666666666666,-160.51999999999998,11.15831471,12.135627263333332,0.5,32.0,19.864372736666667,0.9,1.2,2.0,0.0,0.0,0.9,0.0,0.0,1.0,1.8764369453333327,far,dense,0.0,0.0,118,2,4,1,-0.5,6
9,33.0,-0.25258501,-0.1868325266666667,-0.2219531966666666,523.2,-64.47333333333334,12.867217766666665,-2.0217198866666664,0.5,32.0,34.021719886666666,3.5,1.5,2.0,1.0,0.5,2.0,1.0,1.0,3.0,2.199258388333333,far,dense,0.0,0.0,118,2,4,1,-0.5,6
9,42.0,-0.1922595299999999,-0.3969164866666667,-0.25085261,-393.7366666666667,-75.80666666666667,-15.76651178,-13.213000133333331,-0.5,-42.0,-28.786999866666665,0.5,1.0,2.0,0.0,0.0,0.5,0.0,0.0,1.0,2.058916347,far,dense,0.0,0.0,118,2,4,1,-0.5,6
9,45.0,-0.1959821166666666,-0.3984097333333333,-0.2485349466666666,-363.1166666666666,-81.30333333333333,-13.84340896,-13.118365936666669,-0.5,-39.66666666666666,-26.54830073,1.3,1.2,2.0,0.5,0.0,0.8000000000000002,1.0,0.0,2.0,1.8225826436666663,far,dense,0.0,0.0,118,2,4,1,-0.5,6
9,48.0,-0.28633653,-0.3380322766666667,-0.2292260366666666,-106.8,-119.65333333333332,-4.8009399513333335,-7.191604577666666,-0.5,-15.0,-7.808395422333334,5.3,1.0,2.0,1.7,0.0,3.6,1.0,0.0,2.0,1.2871814766666667,far,dense,0.0,0.0,118,2,4,1,-0.5,6
9,55.0,-0.1733916666666667,-0.3356010533333333,-0.2591488633333333,-199.75333333333333,-53.22,-7.512610844666667,-0.3955710333333333,-0.5,-15.0,-14.604428966666667,10.699999999999998,0.8000000000000002,3.0,1.7,1.1,7.900000000000001,1.0,1.0,3.0,2.954613035,near,non_dense,0.0,0.0,118,2,4,1,-0.5,6
9,56.0,-0.2064282366666666,-0.2025092266666666,-0.2631782866666667,215.11,-113.09666666666664,10.752327606666666,17.939476223333333,0.5,33.666666666666664,15.727190443333331,6.8,0.6,3.0,3.1,0.0,3.7000000000000006,2.0,0.0,5.0,3.8844277006666665,near,non_dense,0.0,0.0,118,2,4,1,-0.5,6
9,57.0,-0.1962971733333333,-0.2618762133333334,-0.2349449133333333,141.86,-118.38666666666666,7.668339265333333,21.628286756666668,0.5,32.0,10.371713245,8.7,1.0,3.0,2.6,0.0,6.099999999999999,1.0,0.0,5.0,2.6362791746666665,near,non_dense,0.0,0.0,118,2,4,1,-0.5,6
9,73.0,-0.23893351,-0.2406810933333333,-0.2231075433333333,121.12,-129.88,6.133973685666667,2.8113028693333333,0.5,11.666666666666666,8.855363797333334,7.5,0.6999999999999998,4.0,1.3,1.3,4.9,1.0,1.0,5.0,2.0901445376666667,far,non_dense,0.0,0.0,118,2,4,1,-0.5,6
9,74.0,-0.2238336766666666,-0.2409094166666666,-0.2336446933333333,160.57333333333332,-92.59,7.785927887,6.260111599999999,0.5,18.0,11.739888399999998,8.3,0.9,4.0,4.8,0.0,3.5,1.0,0.0,2.0,2.503051332,far,non_dense,0.0,0.0,118,2,4,1,-0.5,6
9,75.0,-0.1948693933333333,-0.3663602999999999,-0.2748157166666666,-247.63666666666663,-76.82,-8.371676565666666,-23.894709603333336,-0.5,-42.0,-18.105290396666664,6.8,1.1,4.0,1.6000000000000003,0.0,5.2,2.0,0.0,4.0,2.828428874,far,non_dense,0.0,0.0,118,2,4,1,-0.5,6
9,76.0,-0.19238454,-0.3378241866666667,-0.2442002233333333,-114.24,-103.25666666666666,-5.946794037666667,-6.647648941,-0.5,-15.0,-8.352351059,7.599999999999999,1.5,4.0,2.0,0.0,5.599999999999999,2.0,0.0,5.0,1.9959930953333327,far,non_dense,0.0,0.0,118,2,4,1,-0.5,6
9,77.0,-0.2317482866666666,-0.3357848933333333,-0.2396286233333333,-155.5533333333333,-124.10333333333334,-6.254470326,-3.627135430333333,-0.5,-15.0,-11.372864569666666,9.0,0.8000000000000002,4.0,1.8,0.0,7.2,1.0,0.0,4.0,2.1656694190000003,far,non_dense,0.0,0.0,118,2,4,1,-0.5,6
9,78.0,-0.1898867566666666,-0.25839603,-0.2347419066666666,147.13,-90.11333333333334,7.828749675666667,9.242984846666667,0.5,20.0,10.757015153333333,6.8,1.1,4.0,1.8,0.9,4.1,1.0,1.0,5.0,2.661335471333333,far,non_dense,0.0,0.0,118,2,4,1,-0.5,6
9,80.0,-0.1589110733333333,-0.36164368,-0.25854817,-255.9766666666667,-88.19333333333333,-11.865640706666667,-24.28495288,-0.5,-43.0,-18.71504712,8.1,1.0,4.0,5.2,0.0,2.9,2.0,0.0,4.0,5.6960847580000005,far,non_dense,0.0,0.0,118,2,4,1,-0.5,6
9,83.0,-0.23250464,-0.2242615766666666,-0.2486536466666666,574.0500000000001,363.8666666666666,10.85764408,-21.97012539666667,0.5,20.0,41.97012539666667,8.1,1.3,4.0,0.0,4.6,3.5,0.0,1.0,4.0,3.4398023106666664,far,non_dense,0.0,0.0,118,2,4,1,-0.5,6
9,85.0,-0.1959702666666666,-0.2515895866666666,-0.2486273633333333,186.86,-138.47333333333333,7.480638445666667,7.338232503333333,0.5,21.0,13.661767496666668,7.400000000000001,0.8000000000000002,4.0,1.6000000000000003,0.8000000000000002,5.0,1.0,1.0,5.0,2.563888345333333,far,non_dense,0.0,0.0,118,2,4,1,-0.5,6
9,86.0,-0.2127737666666666,-0.2401834066666666,-0.2498868766666666,221.1133333333333,-141.1966666666667,8.440784194,11.83389195,0.5,28.0,16.166108050000002,6.3,0.6999999999999998,4.0,0.0,0.0,6.3,0.0,0.0,4.0,2.96281319,far,non_dense,0.0,0.0,118,2,4,1,-0.5,6
9,89.0,-0.29943338,-0.2062600533333333,-0.2229670666666666,172.51333333333332,-102.12666666666668,6.941200594666667,3.720483873333333,0.5,16.333333333333332,12.61284946,7.5,0.9,4.0,0.0,0.0,7.5,0.0,0.0,8.0,3.2674490756666668,far,non_dense,0.0,0.0,118,2,4,1,-0.5,6
9,90.0,-0.2001720666666666,-0.28664291,-0.2437061033333333,141.24333333333334,-116.41666666666669,5.5782439943333335,9.673372683333334,0.5,20.0,10.326627317666668,12.4,1.7,4.0,8.0,0.0,4.4,1.0,0.0,2.0,2.0194648366666663,far,non_dense,0.0,0.0,118,2,4,1,-0.5,6
9,92.0,-0.2671782766666666,-0.3267499333333333,-0.2358603133333333,-129.88,-124.46666666666664,-4.996258492333333,-5.504172308,-0.5,-15.0,-9.495827692,9.4,1.7,4.0,1.0,1.0,7.400000000000001,1.0,1.0,6.0,1.928286364,far,non_dense,0.0,0.0,118,2,4,1,-0.5,6
9,93.0,-0.19751537,-0.3356851899999999,-0.26863726,-134.31333333333333,-75.51333333333334,-6.152088253333333,-5.513374371,-0.5,-15.333333333333334,-9.819958962333333,10.1,1.3,4.0,2.0,0.0,8.1,1.0,0.0,6.0,2.257494553666667,far,non_dense,0.0,0.0,118,2,4,1,-0.5,6
9,94.0,-0.2012076233333333,-0.33496046,-0.25017306,-161.28666666666666,-164.54999999999998,-7.456308622333334,-3.20795815,-0.5,-15.0,-11.79204185,7.5,1.1,4.0,3.0,0.0,4.5,1.0,0.0,6.0,2.5911518196666665,far,non_dense,0.0,0.0,118,2,4,1,-0.5,6
41,4.0,-0.41444913,-0.0548930033333333,-0.2384738549999999,228.63,152.58833333333334,17.820185325313734,-0.8034830575346849,0.5,17.333333333333332,18.136816390868017,3.8,5.599999999999999,1.0,3.1,0.0,0.6999999999999998,2.0,0.0,1.0,2.7797807714939142,near,dense,0.0,0.0,110,2,4,2,-0.5,6
41,6.0,-0.4488096833333333,-0.0639141733333333,-0.2080887933333333,231.48,-78.88333333333334,12.381195690143931,-5.362901885833569,0.5,13.0,18.36290188583357,9.4,4.1,1.0,3.5,1.7,4.2,3.0,2.0,1.0,1.9640818584048665,near,dense,0.0,0.0,110,2,4,2,-0.5,6
41,7.0,-0.4452527933333334,-0.0598453466666666,-0.20640864,256.3466666666667,-115.62333333333332,13.35645970835857,-5.335530882842934,0.5,15.0,20.33553088284293,4.8,3.5,1.0,4.2,0.6,0.0,1.0,1.0,0.0,1.6845368533865797,near,dense,0.0,0.0,110,2,4,2,-0.5,6
41,8.0,-0.4297779449999999,-0.0234138616666666,-0.2060236783333333,270.425,-74.02,16.089594186023593,2.8809929908564773,0.5,24.33333333333333,21.45234034247686,2.7000000000000006,1.1,1.0,1.6000000000000003,0.6,0.5,3.0,1.0,1.0,2.600045714931976,near,dense,0.0,0.0,110,2,4,2,-0.5,6
41,9.0,-0.4233040133333333,0.0183708466666666,-0.1997279466666666,436.21333333333337,-86.08666666666666,20.308688646054097,-1.270704342891025,0.5,33.333333333333336,34.60403767622436,6.0,3.2999999999999994,1.0,1.8,4.2,0.0,3.0,1.0,0.0,3.3502456230289006,near,dense,0.0,0.0,110,2,4,2,-0.5,6
41,10.0,-0.4162056933333333,0.0196513499999999,-0.19870063,470.19666666666666,-88.50999999999999,21.78007245703612,-3.2998758296439896,0.5,34.0,37.29987582964399,6.0,2.9,1.0,0.4000000000000001,2.3,3.2999999999999994,1.0,2.0,3.0,3.633598500627469,near,dense,0.0,0.0,110,2,4,2,-0.5,6
41,11.0,-0.3741186066666667,0.0903213633333333,-0.18839429,662.13,-78.66666666666666,28.499894321034464,-6.430880333689636,0.5,45.0,51.43088033368964,3.7000000000000006,3.0,1.0,0.0,0.6,3.1,0.0,1.0,4.0,4.800997365289315,near,dense,0.0,0.0,110,2,4,2,-0.5,6
41,12.0,-0.43624851,-0.0161846966666666,-0.2032734433333333,351.97,-126.32333333333334,17.19478402376912,1.0788380129737345,0.5,29.0,27.921161987026267,1.2,4.0,1.0,1.2,0.0,0.0,2.0,0.0,0.0,2.66269246815862,near,dense,0.0,0.0,110,2,4,2,-0.5,6
41,13.0,-0.44767229,-0.0824453133333333,-0.2011159233333333,207.4333333333333,-83.16000000000001,11.786155779453756,-5.455322048779202,0.5,11.0,16.455322048779202,9.8,3.7000000000000006,1.0,5.0,1.0,3.8,1.0,1.0,3.0,1.938744484802755,near,dense,0.0,0.0,110,2,4,2,-0.5,6
41,15.0,-0.4255421966666666,0.0086937299999999,-0.19838526,444.15333333333336,-75.30666666666667,19.77267596835283,-0.2339039323739958,0.5,35.0,35.233903932374,1.1,4.7,1.0,0.6999999999999998,0.4000000000000001,0.0,1.0,1.0,0.0,3.463357594951485,near,dense,0.0,0.0,110,2,4,2,-0.5,6
41,24.0,-0.4455782866666666,-0.1522176066666666,-0.2045979566666667,119.82333333333332,-97.45,4.718752135829711,-3.838707938627658,0.5,5.666666666666667,9.505374605294325,8.7,2.4,1.0,3.0,3.2000000000000006,2.5,2.0,2.0,2.0,1.302591940272645,near,dense,0.0,0.0,110,2,4,2,-0.5,6
41,25.0,-0.3117701533333333,0.16519118,-0.1845730433333333,572.1033333333334,-88.26,34.77704247852315,-0.3839527326695062,0.5,45.0,45.38395273266951,2.7999999999999994,4.4,2.0,1.8,1.0,0.0,2.0,2.0,0.0,5.633586110609699,far,dense,0.0,0.0,110,2,4,2,-0.5,6
41,30.0,-0.2554486016666666,0.0413849416666666,-0.2012134799999999,427.6433333333334,24.509999999999994,29.51370426027061,11.075805373549253,0.5,45.0,33.92419462645075,5.900000000000001,3.9,2.0,4.2,0.0,1.7,5.0,0.0,2.0,5.040130029790001,far,dense,0.0,0.0,110,2,4,2,-0.5,6
41,32.0,-0.3402184833333333,-0.0232241766666666,-0.2101298699999999,363.7033333333334,-70.36666666666666,19.011935049935506,3.148053285162341,0.5,32.0,28.851946714837663,2.6,3.7000000000000006,2.0,2.6,0.0,0.0,3.0,0.0,0.0,3.3541744929044377,far,dense,0.0,0.0,110,2,4,2,-0.5,6
41,33.0,-0.3750045099999999,-0.06827388,-0.20763074,290.93,-66.83666666666666,15.159733567940192,-1.0789659825711102,0.5,22.0,23.07896598257111,7.2,4.3,2.0,2.7000000000000006,0.9,3.6,1.0,1.0,5.0,2.7012269816059167,far,dense,0.0,0.0,110,2,4,2,-0.5,6
41,35.0,-0.3308714733333333,0.12886955,-0.19956975,351.1066666666666,45.23000000000002,33.6975837690072,17.14732473016213,0.5,45.0,27.852675269837874,1.8,4.9,2.0,0.0,1.8,0.0,0.0,3.0,0.0,5.7639749843234975,far,dense,0.0,0.0,110,2,4,2,-0.5,6
41,36.0,-0.3372122433333333,0.1264823833333333,-0.1764284566666666,607.6133333333333,-98.93666666666668,31.471659980684446,-3.2008986716964167,0.5,45.0,48.200898671696415,3.0,5.3,2.0,1.2,1.8,0.0,2.0,2.0,0.0,6.904628843440592,far,dense,0.0,0.0,110,2,4,2,-0.5,6
41,37.0,-0.40439842,0.0063580933333333,-0.1875888733333333,160.86666666666667,-6.76333333333334,19.1621267045201,16.905396506388918,0.5,29.666666666666668,12.761270160277746,4.6,3.1,2.0,0.9,1.0,2.7000000000000006,1.0,2.0,4.0,3.5630099415987666,far,dense,0.0,0.0,110,2,4,2,-0.5,6
41,38.0,-0.42517035,0.00154392,-0.2023242633333333,388.8833333333334,-75.50999999999999,20.450862103848763,-0.8494318949192644,0.5,30.0,30.849431894919263,6.0,4.6,2.0,2.7000000000000006,1.3,2.0,3.0,3.0,2.0,4.087262253220011,far,dense,0.0,0.0,110,2,4,2,-0.5,6
41,39.0,-0.4146581516666667,-0.010729195,-0.193301355,386.85,-83.76166666666667,17.878266391242757,-3.6881311324292194,0.5,27.0,30.68813113242922,4.7,1.1,2.0,2.2,0.0,2.5,1.0,0.0,5.0,3.25800868747292,far,dense,0.0,0.0,110,2,4,2,-0.5,6
41,40.0,-0.3912539266666666,0.0652991233333333,-0.1994967733333333,489.3066666666667,-110.38666666666666,26.3822440386717,6.184161430429097,0.5,45.0,38.8158385695709,3.7000000000000006,6.900000000000001,2.0,1.1,2.6,0.0,1.0,3.0,0.0,4.881328083838733,far,dense,0.0,0.0,110,2,4,2,-0.5,6
41,67.0,-0.2456560599999999,-0.2342055366666666,-0.28603375,-339.75666666666666,-104.75,-18.08299277669775,12.952299702168048,-0.5,-14.0,-26.952299702168048,2.4,0.4000000000000001,3.0,2.0,0.0,0.4000000000000001,2.0,0.0,1.0,5.5272285387700615,near,non_dense,0.0,0.0,110,2,4,2,-0.5,6
41,76.0,-0.4353602933333333,-0.2782627133333333,-0.2082606533333333,-215.43,-62.05333333333334,-7.248880789486396,5.089683572080205,-0.5,-12.0,-17.089683572080204,5.7,2.0,4.0,2.7000000000000006,0.0,3.0,2.0,0.0,2.0,2.2550271517146894,far,non_dense,0.0,0.0,110,2,4,2,-0.5,6
41,93.0,-0.2338003466666667,-0.19927006,-0.2863801666666666,-188.33,-107.06333333333336,-6.579810159636459,5.273221497144617,-0.5,-9.666666666666666,-14.939888163811284,10.699999999999998,0.4000000000000001,4.0,3.2999999999999994,0.0,7.400000000000001,3.0,0.0,5.0,2.3571848765135512,far,non_dense,0.0,0.0,110,2,4,2,-0.5,6
67,1.0,-0.4264496433333333,-0.36862704,-0.4789713733333333,-32.570000000000014,-136.96333333333334,-6.865979952512976,-21.572294691050875,-0.5,-24.0,-2.427705308949126,5.2,0.9,1.0,0.0,0.0,5.2,0.0,0.0,6.0,0.8310613099768824,near,dense,0.0,0.0,123,2,4,2,-0.5,6
67,8.0,-0.4075551133333333,-0.0238066833333333,-0.2158329833333333,306.31333333333333,-104.38,13.80108491024069,0.1679918472448147,0.5,23.0,22.83200815275519,3.2999999999999994,1.9,1.0,1.7,0.0,1.6000000000000003,2.0,0.0,1.0,2.2262195659040382,near,dense,0.0,0.0,123,2,4,2,-0.5,6
67,10.0,-0.3519505466666666,0.08707522,-0.2079794266666666,576.52,-278.26,24.43947132822503,2.027305351079233,0.5,45.0,42.972694648920765,2.4,2.7999999999999994,1.0,0.0,0.9,1.5,0.0,1.0,3.0,3.984706624368026,near,dense,0.0,0.0,123,2,4,2,-0.5,6
67,11.0,-0.2900243566666666,0.1347329933333333,-0.2070220466666666,752.3533333333334,-272.3066666666667,30.45144685011773,-6.8916730007114495,0.5,45.0,51.89167300071145,1.8,2.9,1.0,0.4000000000000001,0.5,0.9,1.0,1.0,1.0,5.002065499033336,near,dense,0.0,0.0,123,2,4,2,-0.5,6
67,12.0,-0.38665239,-0.0121705333333333,-0.2159831633333333,376.8633333333334,-164.76000000000002,16.63695161917167,2.909330209346115,0.5,31.0,28.090669790653887,2.0,1.3,1.0,2.0,0.0,0.0,3.0,0.0,0.0,2.458282650664273,near,dense,0.0,0.0,123,2,4,2,-0.5,6
67,22.0,-0.3508078533333333,0.0051531733333333,-0.19246068,388.4666666666667,-93.23,18.099872273329,0.3777733389692947,0.5,29.33333333333333,28.95555999436404,1.9,2.0,1.0,1.9,0.0,0.0,2.0,0.0,0.0,3.2569114114624385,near,dense,0.0,0.0,123,2,4,2,-0.5,6
67,25.0,-0.3297372283333333,-0.0092924333333333,-0.2002635566666666,453.5683333333333,-76.44833333333332,19.706039925286884,-3.2215176668249974,0.5,28.0,31.221517666825,16.4,0.9,2.0,6.7,0.0,9.7,5.0,0.0,9.0,3.208894392236487,far,dense,0.0,0.0,123,2,4,2,-0.5,6
67,28.0,-0.2700569333333333,-0.3676657466666667,-0.2261077866666666,-555.0500000000001,-40.00999999999999,-19.34891762620705,-3.6276379572547817,-0.5,-45.0,-41.372362042745216,2.2,0.6999999999999998,2.0,0.6,0.0,1.6000000000000003,1.0,0.0,2.0,2.282576094283433,far,dense,0.0,0.0,123,2,4,2,-0.5,6
67,30.0,-0.3404023266666667,-0.06482219,-0.1983346866666666,198.67666666666665,-138.11,14.41845055605985,10.19102246143745,0.5,25.0,14.80897753856255,3.2999999999999994,0.6999999999999998,2.0,1.3999999999999997,0.0,1.9,2.0,0.0,4.0,2.461046994370181,far,dense,0.0,0.0,123,2,4,2,-0.5,6
67,35.0,-0.2835543866666667,0.0150226733333333,-0.2352518333333333,565.1366666666667,-227.58,23.051677737783592,2.875797176896571,0.5,45.0,42.124202823103424,1.6000000000000003,1.3999999999999997,2.0,0.0,0.0,1.6000000000000003,0.0,0.0,2.0,3.873693049671404,far,dense,0.0,0.0,123,2,4,2,-0.5,6
67,42.0,-0.3111060966666666,-0.24014404,-0.26779237,-363.1466666666667,-133.92,-15.440982756316076,14.06825577506432,-0.5,-13.0,-27.06825577506432,6.0,2.0,2.0,0.6999999999999998,0.0,5.3,1.0,0.0,3.0,2.0122277407640983,far,dense,0.0,0.0,123,2,4,2,-0.5,6
67,44.0,-0.36477529,-0.35339565,-0.24754548,-445.9466666666667,-9.09333333333334,-16.490102069119853,14.240008909267194,-0.5,-19.0,-33.2400089092672,0.4000000000000001,1.3,2.0,0.4000000000000001,0.0,0.0,1.0,0.0,0.0,2.1928162930619,far,dense,0.0,0.0,123,2,4,2,-0.5,6
67,45.0,-0.3441797966666666,-0.2930895,-0.2568244699999999,-369.9933333333333,-140.71,-14.739830062613962,9.245259838576905,-0.5,-18.33333333333333,-27.57859317191024,1.3,0.6,2.0,0.6,0.0,0.6999999999999998,1.0,0.0,1.0,1.8986270693376124,far,dense,0.0,0.0,123,2,4,2,-0.5,6
67,78.0,-0.3927638233333333,-0.08128935,-0.22447756,330.17,-65.27666666666666,9.096351906751288,-8.610238313040613,0.5,16.0,24.61023831304061,9.3,2.0,4.0,2.1,1.7,5.5,3.0,1.0,1.0,3.341998593922671,far,non_dense,0.0,0.0,123,2,4,2,-0.5,6
67,89.0,-0.35872084,-0.0476545566666666,-0.21146604,142.67333333333335,-269.96,8.116744075857524,9.365403476241893,0.5,20.0,10.634596523758107,2.6,2.1,4.0,0.0,0.5,2.1,0.0,1.0,2.0,3.646850668016584,far,non_dense,0.0,0.0,123,2,4,2,-0.5,6
